{
  "Jammu (j and k) to Srinagar": {
    "Private": {
      "Bus_Name": [
        "New Pal Travels",
        "Harikesh Tour N Travels",
        "North Kashmir Tour and Travels",
        "Jamna Travels-Jammu",
        "North Kashmir Tour and Travels"
      ],
      "Bus_Type": [
        "NON A/C Seater / Sleeper (2+2)",
        "NON A/C Seater / Sleeper (2+2)",
        "NON A/C Sleeper (2+2)",
        "Non AC Seater (2+2)",
        "NON A/C Sleeper (2+2)"
      ],
      "Departing_Time": [
        "21:15",
        "20:30",
        "16:30",
        "21:30",
        "17:15"
      ],
      "Reaching_Time": [
        "07:15",
        "06:00",
        "02:30",
        "08:00",
        "03:15"
      ],
      "Duration": [
        "10h 00m",
        "09h 30m",
        "10h 00m",
        "10h 30m",
        "10h 00m"
      ],
      "Star_Rating": [
        1.4,
        1.0,
        1.0,
        2.4,
        1.0
      ],
      "Seat_availability": [
        34,
        41,
        40,
        26,
        40
      ],
      "Price": [
        "699",
        "549",
        "699"
      ],
      "Reach_date": [
        "14-Aug",
        "14-Aug",
        "14-Aug",
        "14-Aug",
        "14-Aug"
      ]
    },
    "Government": {}
  },
  "Delhi to Srinagar": {
    "Private": {
      "Bus_Name": [],
      "Bus_Type": [],
      "Departing_Time": [],
      "Reaching_Time": [],
      "Duration": [],
      "Star_Rating": [],
      "Seat_availability": [],
      "Price": [],
      "Reach_date": []
    },
    "Government": {}
  },
  "Srinagar to Jammu (j and k)": {
    "Private": {
      "Bus_Name": [
        "Jamna Travels-Jammu"
      ],
      "Bus_Type": [
        "Non AC Seater (2+2)"
      ],
      "Departing_Time": [
        "19:00"
      ],
      "Reaching_Time": [
        "06:45"
      ],
      "Duration": [
        "11h 45m"
      ],
      "Star_Rating": [
        2.3
      ],
      "Seat_availability": [
        22
      ],
      "Price": [
        "649"
      ],
      "Reach_date": [
        "14-Aug"
      ]
    },
    "Government": {}
  },
  "Jammu (j and k) to Haridwar": {
    "Private": {
      "Bus_Name": [
        "Laxmi holidays",
        "City Land Travels",
        "SHRI KRISHNA TRAVELS (JAI SHREE GANESH YATRA CO.)"
      ],
      "Bus_Type": [
        "Bharat Benz A/C Seater /Sleeper (2+1)",
        "A/C Seater/Sleeper (2+1)",
        "VE A/C Seater / Sleeper (2+1)"
      ],
      "Departing_Time": [
        "20:50",
        "20:30",
        "20:00"
      ],
      "Reaching_Time": [
        "09:30",
        "09:00",
        "08:55"
      ],
      "Duration": [
        "12h 40m",
        "12h 30m",
        "12h 55m"
      ],
      "Star_Rating": [
        4.5,
        3.6,
        3.8
      ],
      "Seat_availability": [
        22,
        26,
        21
      ],
      "Price": [
        "600",
        "800"
      ],
      "Reach_date": [
        "14-Aug",
        "14-Aug",
        "14-Aug"
      ]
    },
    "Government": {}
  },
  "Jammu (j and k) to Delhi": {
    "Private": {
      "Bus_Name": [
        "Gola Bus Service",
        "IntrCity SmartBus",
        "Zingbus Plus",
        "AdLavish Travels",
        "R S YADAV SMART BUS PRIVATE LIMITED",
        "Laxmi holidays",
        "Laxmi holidays",
        "Laxmi holidays",
        "Laxmi holidays",
        "Laxmi holidays",
        "Zingbus Plus",
        "Ram Dalal Holidays",
        "Laxmi holidays",
        "IntrCity SmartBus",
        "DS Hari Travels",
        "Jamna Travels-Jammu",
        "FlixBus",
        "FlixBus",
        "Goel Tourist (Regd)",
        "B S Holiday Travels",
        "Travel Point",
        "BSS COOL COOL TRAVELS",
        "SPEED BUS",
        "Big Bus",
        "Jamna Travels (Delhi)",
        "Vaishnoyatra services pvt ltd",
        "CAPITAL HOLIDAYS",
        "Travel Point World LLP",
        "Gola Bus Service",
        "Shub Yatra Holidays",
        "Shiv Mohan Travels",
        "Lucky Bus Service",
        "NKS Holidays",
        "NKS Holidays",
        "Apex Bus Travels",
        "Apex Bus Travels",
        "RK Holiday",
        "SHAH HOLIDAY TRAVEL",
        "Travel Point World LLP",
        "Big Bus",
        "Big Bus",
        "Sahiba Travels India Sahiba Bus Service Regd",
        "CAPITAL HOLIDAYS"
      ],
      "Bus_Type": [
        "A/C Seater/Sleeper (2+1)",
        "VE A/C Seater / Sleeper (2+1)",
        "Bharat Benz A/C Seater /Sleeper (2+1)",
        "A/C Seater / Sleeper (2+2)",
        "VE A/C Seater / Sleeper (2+1)",
        "Bharat Benz A/C Seater /Sleeper (2+1)",
        "Bharat Benz A/C Sleeper (2+1)",
        "Volvo 9600 Multi-Axle A/C Sleeper (2+1)",
        "Volvo 9600 Multi-Axle A/C Sleeper (2+1)",
        "Bharat Benz A/C Sleeper (2+1)",
        "A/C Sleeper (2+1)",
        "Bharat Benz A/C Sleeper (2+1)",
        "Bharat Benz A/C Seater /Sleeper (2+1)",
        "A/C Seater / Sleeper (2+1)",
        "A/C Seater / Sleeper (2+2)",
        "A/C Seater / Sleeper (2+2)",
        "A/C Sleeper (2+1)",
        "A/C Sleeper (2+1)",
        "A/C Seater / Sleeper (2+2)",
        "A/C Seater / Sleeper (2+2)",
        "A/C Seater / Sleeper (2+2)",
        "A/C Seater / Sleeper (2+2)",
        "Bharat Benz A/C Seater /Sleeper (2+1)",
        "A/C Seater / Sleeper (2+2)",
        "A/C Seater / Sleeper (2+2)",
        "Volvo A/C Semi Sleeper (2+2)",
        "A/C Seater / Sleeper (2+2)",
        "A/C Seater / Sleeper (2+2)",
        "VE A/C Seater (2+2)",
        "A/C Sleeper (2+2)",
        "AC Sleeper (2+1)",
        "VE A/C Sleeper (2+2)",
        "A/C Sleeper (2+2)",
        "A/C Sleeper (2+2)",
        "A/C Seater / Sleeper (2+2)",
        "A/C Seater / Sleeper (2+2)",
        "A/C Seater / Sleeper (2+2)",
        "Bharat Benz A/C Seater / Sleeper (2+2)",
        "A/C Seater / Sleeper (2+2)",
        "A/C Seater / Sleeper (2+2)",
        "A/C Seater / Sleeper (2+2)",
        "A/C Sleeper (2+2)",
        "A/C Seater / Sleeper (2+2)"
      ],
      "Departing_Time": [
        "20:20",
        "20:00",
        "20:10",
        "16:35",
        "20:45",
        "17:35",
        "21:30",
        "20:15",
        "18:45",
        "18:15",
        "21:15",
        "20:15",
        "20:30",
        "20:50",
        "21:30",
        "20:30",
        "20:00",
        "22:30",
        "18:00",
        "22:10",
        "18:30",
        "20:15",
        "19:30",
        "23:00",
        "21:00",
        "21:00",
        "22:30",
        "17:16",
        "20:20",
        "21:15",
        "20:30",
        "21:15",
        "20:00",
        "21:00",
        "20:45",
        "20:00",
        "20:45",
        "21:00",
        "20:00",
        "18:30",
        "21:00",
        "21:30",
        "17:30"
      ],
      "Reaching_Time": [
        "07:50",
        "07:45",
        "09:20",
        "05:30",
        "07:35",
        "05:30",
        "09:00",
        "08:00",
        "06:00",
        "06:00",
        "09:40",
        "07:30",
        "08:15",
        "08:30",
        "09:15",
        "08:00",
        "08:20",
        "11:05",
        "07:15",
        "09:00",
        "07:45",
        "08:15",
        "07:50",
        "10:00",
        "10:26",
        "08:30",
        "08:30",
        "05:46",
        "07:50",
        "10:00",
        "08:30",
        "07:15",
        "08:16",
        "09:16",
        "06:00",
        "10:00",
        "08:25",
        "08:00",
        "08:15",
        "05:30",
        "08:00",
        "09:31",
        "03:30"
      ],
      "Duration": [
        "11h 30m",
        "11h 45m",
        "13h 10m",
        "12h 55m",
        "10h 50m",
        "11h 55m",
        "11h 30m",
        "11h 45m",
        "11h 15m",
        "11h 45m",
        "12h 25m",
        "11h 15m",
        "11h 45m",
        "11h 40m",
        "11h 45m",
        "11h 30m",
        "12h 20m",
        "12h 35m",
        "13h 15m",
        "10h 50m",
        "13h 15m",
        "12h 00m",
        "12h 20m",
        "11h 00m",
        "13h 26m",
        "11h 30m",
        "10h 00m",
        "12h 30m",
        "11h 30m",
        "12h 45m",
        "12h 00m",
        "10h 00m",
        "12h 16m",
        "12h 16m",
        "09h 15m",
        "14h 00m",
        "11h 40m",
        "11h 00m",
        "12h 15m",
        "11h 00m",
        "11h 00m",
        "12h 01m",
        "10h 00m"
      ],
      "Star_Rating": [
        4.9,
        4.7,
        4.6,
        3.6,
        4.6,
        4.4,
        4.4,
        4.3,
        4.3,
        4.3,
        4.9,
        4.4,
        4.3,
        4.5,
        3.0,
        1.9,
        4.8,
        4.7,
        3.5,
        5.0,
        3.9,
        3.8,
        2.6,
        1.4,
        2.5,
        5.0,
        1.2,
        1.4,
        4.8,
        2.0,
        3.7,
        3.6,
        3.2,
        3.2,
        3.0,
        3.0,
        2.9,
        2.6,
        1.7,
        1.4,
        1.4,
        1.0,
        1.2
      ],
      "Seat_availability": [
        24,
        29,
        32,
        38,
        35,
        23,
        24,
        33,
        29,
        24,
        25,
        39,
        41,
        31,
        48,
        30,
        8,
        21,
        37,
        34,
        50,
        28,
        50,
        32,
        24,
        45,
        34,
        46,
        18,
        28,
        31,
        32,
        32,
        32,
        40,
        40,
        30,
        22,
        46,
        28,
        34,
        22,
        36
      ],
      "Price": [
        "399",
        "424",
        "549",
        "549",
        "800",
        "1000",
        "1000",
        "749",
        "550",
        "601",
        "468",
        "480",
        "949",
        "486",
        "392",
        "799",
        "799",
        "699",
        "1500",
        "7",
        "3499",
        "2399",
        "9",
        "999",
        "999",
        "699",
        "799",
        "1499",
        "2",
        "795",
        "799",
        "1800"
      ],
      "Reach_date": [
        "14-Aug",
        "14-Aug",
        "14-Aug",
        "14-Aug",
        "14-Aug",
        "14-Aug",
        "14-Aug",
        "14-Aug",
        "14-Aug",
        "14-Aug",
        "14-Aug",
        "14-Aug",
        "14-Aug",
        "14-Aug",
        "14-Aug",
        "14-Aug",
        "14-Aug",
        "14-Aug",
        "14-Aug",
        "14-Aug",
        "14-Aug",
        "14-Aug",
        "14-Aug",
        "14-Aug",
        "14-Aug",
        "14-Aug",
        "14-Aug",
        "14-Aug",
        "14-Aug",
        "14-Aug",
        "14-Aug",
        "14-Aug",
        "14-Aug",
        "14-Aug",
        "14-Aug",
        "14-Aug",
        "14-Aug",
        "14-Aug",
        "14-Aug",
        "14-Aug",
        "14-Aug",
        "14-Aug",
        "14-Aug"
      ]
    },
    "Government": {}
  },
  "Delhi to Jammu (j and k)": {
    "Private": {
      "Bus_Name": [
        "Gola Bus Service",
        "IntrCity SmartBus",
        "Laxmi holidays",
        "AdLavish Travels",
        "Laxmi holidays",
        "Laxmi holidays",
        "Laxmi holidays",
        "AdLucky Bus Service",
        "Laxmi holidays",
        "Ram Dalal Holidays",
        "Zingbus Plus",
        "Laxmi holidays",
        "Laxmi holidays",
        "IntrCity SmartBus",
        "B S Holiday Travels",
        "Travel Point",
        "Goel Tourist (Regd)",
        "Travel Point",
        "Ashok Bus Service",
        "KVS Holidays",
        "City Land Travels",
        "Lucky Bus Service",
        "Ashok Bus Service",
        "Ashok Bus Service",
        "Travel Point World LLP",
        "Shub Yatra Holidays",
        "DS Hari Travels",
        "SHAH HOLIDAY TRAVEL",
        "City Land Travels",
        "Travel Point",
        "Maheshwaram Travels",
        "RK Holiday",
        "City Land Travels",
        "FlixBus",
        "Big Bus",
        "Red Apple Bus Service",
        "Big Bus",
        "FlixBus",
        "NKS Holidays",
        "BSS COOL COOL TRAVELS",
        "NEW KING BUS SERVICE",
        "Jamna Travels (Delhi)",
        "Awadh Travels",
        "CAPITAL HOLIDAYS",
        "BSS COOL COOL TRAVELS",
        "Big Bus",
        "Travel Point",
        "CAPITAL HOLIDAYS",
        "Lucky Bus Service",
        "NKS Holidays",
        "Apex Bus Travels",
        "Vaishnoyatra services pvt ltd",
        "Vaishnoyatra services pvt ltd",
        "Travel Point World LLP",
        "RK Holiday",
        "Vaishnoyatra services pvt ltd",
        "Gola Bus Service",
        "Shiv Mohan Travels",
        "B S Holiday Travels",
        "New National Travels",
        "CAPITAL HOLIDAYS",
        "Jamna Travels (Delhi)",
        "Apex Bus Travels",
        "Apex Bus Travels",
        "Apex Bus Travels",
        "Sahiba Travels India Sahiba Bus Service Regd",
        "Sahiba Travels India Sahiba Bus Service Regd"
      ],
      "Bus_Type": [
        "VE A/C Seater / Sleeper (2+1)",
        "VE A/C Seater / Sleeper (2+1)",
        "Volvo 9600 Multi-Axle A/C Sleeper (2+1)",
        "A/C Seater / Sleeper (2+2)",
        "Volvo 9600 Multi-Axle A/C Sleeper (2+1)",
        "Bharat Benz A/C Sleeper (2+1)",
        "Bharat Benz A/C Sleeper (2+1)",
        "VE A/C Sleeper (2+2)",
        "Bharat Benz A/C Seater /Sleeper (2+1)",
        "Bharat Benz A/C Sleeper (2+1)",
        "A/C Sleeper (2+1)",
        "Bharat Benz A/C Sleeper (2+1)",
        "Bharat Benz A/C Seater /Sleeper (2+1)",
        "A/C Seater / Sleeper (2+1)",
        "A/C Seater / Sleeper (2+2)",
        "A/C Seater / Sleeper (2+2)",
        "A/C Seater / Sleeper (2+2)",
        "A/C Seater / Sleeper (2+2)",
        "VE A/C Seater / Sleeper (2+1)",
        "A/C Seater / Sleeper (2+2)",
        "A/C Seater/Sleeper (2+1)",
        "VE A/C Sleeper (2+2)",
        "A/C Seater / Sleeper (2+2)",
        "A/C Seater / Sleeper (2+2)",
        "A/C Seater / Sleeper (2+2)",
        "A/C Sleeper (2+2)",
        "A/C Seater / Sleeper (2+2)",
        "Bharat Benz A/C Seater / Sleeper (2+2)",
        "A/C Seater/Sleeper (2+1)",
        "A/C Seater / Sleeper (2+2)",
        "A/C Seater / Sleeper (2+2)",
        "A/C Seater / Sleeper (2+2)",
        "A/C Seater/Sleeper (2+1)",
        "A/C Sleeper (2+1)",
        "A/C Seater / Sleeper (2+2)",
        "A/C Seater / Sleeper (2+2)",
        "A/C Seater / Sleeper (2+2)",
        "A/C Sleeper (2+1)",
        "A/C Sleeper (2+2)",
        "A/C Seater / Sleeper (2+2)",
        "A/C Seater / Sleeper (2+2)",
        "A/C Seater / Sleeper (2+2)",
        "A/C Sleeper (2+2)",
        "A/C Seater / Sleeper (2+2)",
        "A/C Seater / Sleeper (2+2)",
        "A/C Seater / Sleeper (2+2)",
        "A/C Seater / Sleeper (2+2)",
        "A/C Seater / Sleeper (2+2)",
        "VE A/C Sleeper (2+2)",
        "A/C Seater / Sleeper (2+2)",
        "A/C Seater / Sleeper (2+2)",
        "A/C Seater / Sleeper (2+2)",
        "A/C Seater / Sleeper (2+2)",
        "A/C Seater / Sleeper (2+2)",
        "A/C Seater / Sleeper (2+2)",
        "Volvo A/C Semi Sleeper (2+2)",
        "VE A/C Seater / Sleeper (2+1)",
        "AC Sleeper (2+1)",
        "A/C Seater / Sleeper (2+2)",
        "A/C Seater / Sleeper (2+2)",
        "A/C Seater / Sleeper (2+2)",
        "A/C Seater / Sleeper (2+2)",
        "A/C Seater / Sleeper (2+2)",
        "A/C Seater / Sleeper (2+2)",
        "A/C Seater / Sleeper (2+2)",
        "A/C Sleeper (2+2)",
        "A/C Sleeper (2+2)"
      ],
      "Departing_Time": [
        "20:00",
        "19:40",
        "21:30",
        "18:15",
        "18:30",
        "22:30",
        "22:00",
        "17:00",
        "17:00",
        "18:30",
        "22:00",
        "18:00",
        "21:50",
        "21:10",
        "22:30",
        "22:30",
        "17:30",
        "18:00",
        "18:45",
        "17:00",
        "20:30",
        "19:30",
        "21:45",
        "23:35",
        "18:30",
        "22:45",
        "21:00",
        "21:00",
        "23:00",
        "21:30",
        "19:00",
        "22:10",
        "18:00",
        "18:30",
        "20:30",
        "22:00",
        "17:35",
        "21:00",
        "17:00",
        "19:00",
        "22:45",
        "20:00",
        "21:40",
        "22:30",
        "21:45",
        "22:30",
        "19:45",
        "20:30",
        "18:00",
        "19:30",
        "22:45",
        "20:30",
        "22:00",
        "20:30",
        "23:10",
        "22:30",
        "18:00",
        "18:20",
        "17:30",
        "22:30",
        "17:00",
        "18:00",
        "17:20",
        "17:45",
        "19:30",
        "17:00",
        "20:00"
      ],
      "Reaching_Time": [
        "09:00",
        "08:15",
        "10:15",
        "08:15",
        "07:00",
        "11:30",
        "11:00",
        "05:30",
        "06:00",
        "06:25",
        "08:45",
        "07:00",
        "10:20",
        "09:40",
        "11:00",
        "11:15",
        "06:30",
        "07:15",
        "08:15",
        "05:30",
        "09:30",
        "07:20",
        "10:30",
        "13:00",
        "07:50",
        "11:00",
        "10:00",
        "10:00",
        "11:20",
        "10:15",
        "07:35",
        "10:55",
        "07:30",
        "08:05",
        "07:00",
        "08:30",
        "05:35",
        "10:35",
        "06:00",
        "07:00",
        "10:10",
        "09:15",
        "10:40",
        "10:30",
        "09:30",
        "10:00",
        "09:00",
        "08:30",
        "06:00",
        "06:30",
        "08:45",
        "08:15",
        "09:30",
        "09:50",
        "12:30",
        "08:00",
        "07:00",
        "09:00",
        "05:55",
        "11:00",
        "05:00",
        "07:15",
        "06:00",
        "03:45",
        "05:30",
        "06:31",
        "09:31"
      ],
      "Duration": [
        "13h 00m",
        "12h 35m",
        "12h 45m",
        "14h 00m",
        "12h 30m",
        "13h 00m",
        "13h 00m",
        "12h 30m",
        "13h 00m",
        "11h 55m",
        "10h 45m",
        "13h 00m",
        "12h 30m",
        "12h 30m",
        "12h 30m",
        "12h 45m",
        "13h 00m",
        "13h 15m",
        "13h 30m",
        "12h 30m",
        "13h 00m",
        "11h 50m",
        "12h 45m",
        "13h 25m",
        "13h 20m",
        "12h 15m",
        "13h 00m",
        "13h 00m",
        "12h 20m",
        "12h 45m",
        "12h 35m",
        "12h 45m",
        "13h 30m",
        "13h 35m",
        "10h 30m",
        "10h 30m",
        "12h 00m",
        "13h 35m",
        "13h 00m",
        "12h 00m",
        "11h 25m",
        "13h 15m",
        "13h 00m",
        "12h 00m",
        "11h 45m",
        "11h 30m",
        "13h 15m",
        "12h 00m",
        "12h 00m",
        "11h 00m",
        "10h 00m",
        "11h 45m",
        "11h 30m",
        "13h 20m",
        "13h 20m",
        "09h 30m",
        "13h 00m",
        "14h 40m",
        "12h 25m",
        "12h 30m",
        "12h 00m",
        "13h 15m",
        "12h 40m",
        "10h 00m",
        "10h 00m",
        "13h 31m",
        "13h 31m"
      ],
      "Star_Rating": [
        4.8,
        4.6,
        4.4,
        3.4,
        4.4,
        4.4,
        4.3,
        3.6,
        4.2,
        4.6,
        4.3,
        4.1,
        4.2,
        4.7,
        4.2,
        3.7,
        3.9,
        3.7,
        4.3,
        3.1,
        3.7,
        4.4,
        3.0,
        1.8,
        3.5,
        2.5,
        2.7,
        2.6,
        3.5,
        1.8,
        1.1,
        3.5,
        3.6,
        5.0,
        2.8,
        2.0,
        2.7,
        3.8,
        3.8,
        4.5,
        2.8,
        2.5,
        3.8,
        3.2,
        3.2,
        1.6,
        2.1,
        2.6,
        1.9,
        2.0,
        2.2,
        5.0,
        5.0,
        1.9,
        1.3,
        5.0,
        4.8,
        4.3,
        4.1,
        3.0,
        2.9,
        2.5,
        2.2,
        2.2,
        2.2,
        1.0,
        1.0
      ],
      "Seat_availability": [
        16,
        4,
        19,
        33,
        31,
        18,
        17,
        32,
        14,
        16,
        25,
        13,
        23,
        4,
        33,
        36,
        44,
        36,
        33,
        42,
        31,
        32,
        52,
        47,
        34,
        30,
        36,
        35,
        30,
        36,
        31,
        37,
        37,
        8,
        39,
        24,
        39,
        9,
        28,
        24,
        26,
        23,
        37,
        38,
        29,
        40,
        34,
        34,
        32,
        28,
        42,
        39,
        26,
        34,
        29,
        36,
        45,
        31,
        40,
        32,
        36,
        24,
        44,
        39,
        37,
        18,
        20
      ],
      "Price": [
        "449",
        "1248",
        "1000",
        "1000",
        "800",
        "800",
        "549",
        "550",
        "800",
        "601",
        "1184",
        "199",
        "699",
        "599",
        "699",
        "499",
        "1099",
        "767",
        "599",
        "899",
        "599",
        "893",
        "1199",
        "849",
        "699",
        "699",
        "900",
        "599",
        "1599",
        "799",
        "875",
        "800",
        "599",
        "1000",
        "1599",
        "1449",
        "699",
        "799",
        "899",
        "999",
        "1800",
        "1800"
      ],
      "Reach_date": [
        "14-Aug",
        "14-Aug",
        "14-Aug",
        "14-Aug",
        "14-Aug",
        "14-Aug",
        "14-Aug",
        "14-Aug",
        "14-Aug",
        "14-Aug",
        "14-Aug",
        "14-Aug",
        "14-Aug",
        "14-Aug",
        "14-Aug",
        "14-Aug",
        "14-Aug",
        "14-Aug",
        "14-Aug",
        "14-Aug",
        "14-Aug",
        "14-Aug",
        "14-Aug",
        "14-Aug",
        "14-Aug",
        "14-Aug",
        "14-Aug",
        "14-Aug",
        "14-Aug",
        "14-Aug",
        "14-Aug",
        "14-Aug",
        "14-Aug",
        "14-Aug",
        "14-Aug",
        "14-Aug",
        "14-Aug",
        "14-Aug",
        "14-Aug",
        "14-Aug",
        "14-Aug",
        "14-Aug",
        "14-Aug",
        "14-Aug",
        "14-Aug",
        "14-Aug",
        "14-Aug",
        "14-Aug",
        "14-Aug",
        "14-Aug",
        "14-Aug",
        "14-Aug",
        "14-Aug",
        "14-Aug",
        "14-Aug",
        "14-Aug",
        "14-Aug",
        "14-Aug",
        "14-Aug",
        "14-Aug",
        "14-Aug",
        "14-Aug",
        "14-Aug",
        "14-Aug",
        "14-Aug",
        "14-Aug",
        "14-Aug"
      ]
    },
    "Government": {}
  },
  "Katra (jammu and kashmir) to Jammu (j and k)": {
    "Private": {
      "Bus_Name": [
        "Vijay Tour and Travels",
        "SPEED BUS",
        "Shiv Mohan Travels",
        "FlixBus",
        "Zingbus Plus",
        "SHRI KRISHNA TRAVELS (JAI SHREE GANESH YATRA CO.)",
        "City Land Travels",
        "Zingbus Plus",
        "FlixBus",
        "Skyway Bus",
        "Royal Golden",
        "Golden Temple Express Volvo",
        "VGO BUS",
        "SHRI KRISHNA TRAVELS (JAI SHREE GANESH YATRA CO.)",
        "SPEED BUS"
      ],
      "Bus_Type": [
        "Bharat Benz A/C Seater /Sleeper (2+1)",
        "Bharat Benz A/C Seater /Sleeper (2+1)",
        "AC Sleeper (2+1)",
        "A/C Sleeper (2+1)",
        "Bharat Benz A/C Seater /Sleeper (2+1)",
        "VE A/C Seater / Sleeper (2+1)",
        "A/C Seater/Sleeper (2+1)",
        "A/C Sleeper (2+1)",
        "A/C Sleeper (2+1)",
        "A/C Sleeper (2+1)",
        "A/C Seater / Sleeper (2+2)",
        "A/C Seater / Sleeper (2+2)",
        "A/C Seater/Sleeper (2+1)",
        "VE A/C Seater / Sleeper (2+1)",
        "A/C Volvo B11R Multi-Axle Sleeper (2+1)"
      ],
      "Departing_Time": [
        "16:20",
        "18:00",
        "18:30",
        "18:30",
        "18:45",
        "19:00",
        "19:00",
        "19:50",
        "21:00",
        "22:55",
        "23:00",
        "23:00",
        "18:30",
        "20:00",
        "20:00"
      ],
      "Reaching_Time": [
        "18:00",
        "19:30",
        "20:30",
        "19:55",
        "20:10",
        "20:00",
        "20:30",
        "21:15",
        "22:25",
        "23:55",
        "00:00",
        "00:20",
        "19:30",
        "21:00",
        "21:30"
      ],
      "Duration": [
        "01h 40m",
        "01h 30m",
        "02h 00m",
        "01h 25m",
        "01h 25m",
        "01h 00m",
        "01h 30m",
        "01h 25m",
        "01h 25m",
        "01h 00m",
        "01h 00m",
        "01h 20m",
        "01h 00m",
        "01h 00m",
        "01h 30m"
      ],
      "Star_Rating": [
        3.5,
        3.7,
        4.3,
        4.0,
        4.3,
        3.7,
        3.6,
        4.3,
        4.0,
        3.1,
        2.0,
        1.2,
        4.1,
        3.7,
        3.7
      ],
      "Seat_availability": [
        32,
        34
      ],
      "Price": [
        "115",
        "103",
        "675",
        "123",
        "121",
        "1800",
        "1499",
        "0"
      ],
      "Reach_date": [
        "14-Aug",
        "14-Aug"
      ]
    },
    "Government": {}
  },
  "Jammu (j and k) to Katra (jammu and kashmir)": {
    "Private": {
      "Bus_Name": [
        "SPEED BUS",
        "Bhawani Travels",
        "Bhawani Travels"
      ],
      "Bus_Type": [
        "Volvo AC Seater (2+2)",
        "A/C Seater / Sleeper (2+2)",
        "A/C Seater / Sleeper (2+2)"
      ],
      "Departing_Time": [
        "21:00",
        "19:50",
        "20:00"
      ],
      "Reaching_Time": [
        "22:30",
        "21:30",
        "21:45"
      ],
      "Duration": [
        "01h 30m",
        "01h 40m",
        "01h 45m"
      ],
      "Star_Rating": [
        3.7,
        2.0,
        2.0
      ],
      "Seat_availability": [],
      "Price": [
        "250"
      ],
      "Reach_date": []
    },
    "Government": {}
  },
  "Mendhar (J & K) to Jammu (j and k)": {
    "Private": {
      "Bus_Name": [],
      "Bus_Type": [],
      "Departing_Time": [],
      "Reaching_Time": [],
      "Duration": [],
      "Star_Rating": [],
      "Seat_availability": [],
      "Price": [],
      "Reach_date": []
    },
    "Government": {}
  },
  "Jammu (j and k) to Poonch": {
    "Private": {
      "Bus_Name": [],
      "Bus_Type": [],
      "Departing_Time": [],
      "Reaching_Time": [],
      "Duration": [],
      "Star_Rating": [],
      "Seat_availability": [],
      "Price": [],
      "Reach_date": []
    },
    "Government": {}
  },
  "Haridwar to Jammu (j and k)": {
    "Private": {
      "Bus_Name": [
        "Laxmi holidays",
        "SHRI KRISHNA TRAVELS (JAI SHREE GANESH YATRA CO.)",
        "City Land Travels",
        "Vijay Tour and Travels",
        "Zimindara Travels"
      ],
      "Bus_Type": [
        "Bharat Benz A/C Seater /Sleeper (2+1)",
        "VE A/C Seater / Sleeper (2+1)",
        "A/C Seater/Sleeper (2+1)",
        "Bharat Benz A/C Seater /Sleeper (2+1)",
        "AC Sleeper (2+1)"
      ],
      "Departing_Time": [
        "17:30",
        "18:20",
        "20:00",
        "18:00",
        "17:10"
      ],
      "Reaching_Time": [
        "06:00",
        "07:00",
        "08:00",
        "07:00",
        "06:00"
      ],
      "Duration": [
        "12h 30m",
        "12h 40m",
        "12h 00m",
        "13h 00m",
        "12h 50m"
      ],
      "Star_Rating": [
        4.2,
        3.8,
        3.7,
        2.9,
        4.1
      ],
      "Seat_availability": [
        20,
        9,
        11,
        35,
        1
      ],
      "Price": [
        "640",
        "800",
        "1024"
      ],
      "Reach_date": [
        "14-Aug",
        "14-Aug",
        "14-Aug",
        "14-Aug",
        "14-Aug"
      ]
    },
    "Government": {}
  },
  "Chandigarh to Jammu (j and k)": {
    "Private": {
      "Bus_Name": [
        "Laxmi holidays",
        "Laxmi holidays",
        "Laxmi holidays",
        "AdBaru travels",
        "Moon Light Travels Katra",
        "Laxmi holidays",
        "Zimindara Travels",
        "AdNew Pal Travels",
        "Harikesh Tour N Travels",
        "Jamna Travels-Jammu",
        "Zimindara Travels",
        "Zimindara Travels",
        "SHRI KRISHNA TRAVELS (JAI SHREE GANESH YATRA CO.)",
        "Zimindara Travels",
        "Radhe Travels",
        "SAHARA TRAVELS",
        "Vijay Tour and Travels",
        "Orbit Aviation Pvt. Ltd.",
        "Radhe Travels",
        "Maheshwaram Travels",
        "Orbit Aviation Pvt. Ltd.",
        "Moon Light Travels Katra",
        "GOBUS",
        "Goel Tourist (Regd)",
        "City Land Travels",
        "DS Hari Travels",
        "Jamna Travels (Delhi)",
        "Apex Bus Travels",
        "Big Bus",
        "CAPITAL HOLIDAYS",
        "CAPITAL HOLIDAYS"
      ],
      "Bus_Type": [
        "Bharat Benz A/C Seater /Sleeper (2+1)",
        "Bharat Benz A/C Sleeper (2+1)",
        "Bharat Benz A/C Seater /Sleeper (2+1)",
        "A/C Seater / Sleeper (2+2)",
        "A/C Sleeper (2+1)",
        "Volvo 9600 Multi-Axle A/C Sleeper (2+1)",
        "A/C Seater / Sleeper (2+1)",
        "A/C Sleeper (2+1)",
        "A/C Sleeper (2+1)",
        "AshokLeyland Stile A/C",
        "AC Sleeper (2+1)",
        "AC Sleeper (2+1)",
        "VE A/C Seater / Sleeper (2+1)",
        "AC Sleeper (2+1)",
        "Bharat Benz A/C Sleeper (2+1)",
        "A/C Seater / Sleeper (2+2)",
        "Bharat Benz A/C Seater /Sleeper (2+1)",
        "A/C Semi Sleeper (2+2)",
        "Bharat Benz A/C Sleeper (2+1)",
        "A/C Seater / Sleeper (2+2)",
        "A/C Semi Sleeper (2+2)",
        "A/C Sleeper (2+2)",
        "A/C Seater / Sleeper (2+2)",
        "A/C Seater / Sleeper (2+2)",
        "A/C Seater/Sleeper (2+1)",
        "A/C Sleeper (2+2)",
        "A/C Seater / Sleeper (2+2)",
        "A/C Seater / Sleeper (2+2)",
        "A/C Seater / Sleeper (2+2)",
        "A/C Seater / Sleeper (2+2)",
        "A/C Seater / Sleeper (2+2)"
      ],
      "Departing_Time": [
        "22:50",
        "23:30",
        "23:05",
        "20:45",
        "21:15",
        "23:50",
        "22:30",
        "19:30",
        "21:00",
        "20:15",
        "21:30",
        "22:00",
        "23:30",
        "23:00",
        "21:20",
        "21:15",
        "23:30",
        "17:25",
        "21:30",
        "21:00",
        "17:25",
        "22:00",
        "22:05",
        "23:15",
        "23:50",
        "21:15",
        "23:29",
        "22:15",
        "22:25",
        "21:30",
        "23:00"
      ],
      "Reaching_Time": [
        "06:00",
        "07:00",
        "06:00",
        "04:15",
        "04:30",
        "07:00",
        "05:30",
        "05:45",
        "04:30",
        "04:30",
        "04:30",
        "05:00",
        "07:00",
        "06:00",
        "04:45",
        "05:15",
        "07:00",
        "23:35",
        "04:45",
        "07:35",
        "23:35",
        "05:00",
        "05:35",
        "06:30",
        "07:30",
        "05:00",
        "07:15",
        "03:45",
        "05:35",
        "03:30",
        "05:00"
      ],
      "Duration": [
        "07h 10m",
        "07h 30m",
        "06h 55m",
        "07h 30m",
        "07h 15m",
        "07h 10m",
        "07h 00m",
        "10h 15m",
        "07h 30m",
        "08h 15m",
        "07h 00m",
        "07h 00m",
        "07h 30m",
        "07h 00m",
        "07h 25m",
        "08h 00m",
        "07h 30m",
        "06h 10m",
        "07h 15m",
        "10h 35m",
        "06h 10m",
        "07h 00m",
        "07h 30m",
        "07h 15m",
        "07h 40m",
        "07h 45m",
        "07h 46m",
        "05h 30m",
        "07h 10m",
        "06h 00m",
        "06h 00m"
      ],
      "Star_Rating": [
        4.4,
        4.6,
        4.4,
        4.0,
        4.4,
        4.4,
        4.3,
        3.9,
        4.0,
        3.9,
        3.7,
        3.6,
        3.6,
        4.0,
        4.2,
        2.5,
        2.4,
        3.3,
        3.0,
        1.0,
        3.7,
        3.2,
        2.8,
        2.6,
        2.4,
        1.1,
        3.4,
        3.0,
        2.6,
        2.3,
        2.3
      ],
      "Seat_availability": [
        19,
        15,
        14,
        22,
        2,
        29,
        15,
        12,
        8,
        21,
        8,
        5,
        17,
        25,
        16,
        8,
        32,
        17,
        31,
        21,
        30,
        44,
        38,
        44,
        24,
        39,
        37,
        37,
        36
      ],
      "Price": [
        "640",
        "720",
        "494",
        "900",
        "450",
        "570",
        "599",
        "599",
        "720",
        "624",
        "699",
        "699",
        "899",
        "599"
      ],
      "Reach_date": [
        "14-Aug",
        "14-Aug",
        "14-Aug",
        "14-Aug",
        "14-Aug",
        "14-Aug",
        "14-Aug",
        "14-Aug",
        "14-Aug",
        "14-Aug",
        "14-Aug",
        "14-Aug",
        "14-Aug",
        "14-Aug",
        "14-Aug",
        "14-Aug",
        "14-Aug",
        "14-Aug",
        "14-Aug",
        "14-Aug",
        "14-Aug",
        "14-Aug",
        "14-Aug",
        "14-Aug",
        "14-Aug",
        "14-Aug",
        "14-Aug",
        "14-Aug",
        "14-Aug"
      ]
    },
    "Government": {}
  },
  "Jammu (j and k) to Kishtwar": {
    "Private": {
      "Bus_Name": [],
      "Bus_Type": [],
      "Departing_Time": [],
      "Reaching_Time": [],
      "Duration": [],
      "Star_Rating": [],
      "Seat_availability": [],
      "Price": [],
      "Reach_date": []
    },
    "Government": {}
  },
  "Jammu (j and k) to Mendhar (J & K)": {
    "Private": {
      "Bus_Name": [],
      "Bus_Type": [],
      "Departing_Time": [],
      "Reaching_Time": [],
      "Duration": [],
      "Star_Rating": [],
      "Seat_availability": [],
      "Price": [],
      "Reach_date": []
    },
    "Government": {}
  },
  "Jammu (j and k) to Amritsar": {
    "Private": {
      "Bus_Name": [
        "Bhawani Travels",
        "Jamna Travels-Jammu",
        "Bhawani Travels",
        "Jamna Travels-Jammu",
        "Bhawani Travels",
        "Awadh Travels",
        "Jamna Travels-Jammu",
        "Lucky Travels",
        "Gajraj bus service",
        "Vijay Tour and Travels",
        "Vijay Tour and Travels"
      ],
      "Bus_Type": [
        "Bharat Benz A/C Seater (2+2)",
        "A/C Seater Push Back (2+2)",
        "Bharat Benz A/C Seater (2+2)",
        "A/C Seater / Sleeper (2+2)",
        "A/C Seater / Sleeper (2+2)",
        "A/C Sleeper (2+2)",
        "A/C Seater Push Back (2+2)",
        "Bharat Benz A/C Seater / Sleeper (2+2)",
        "Bharat Benz A/C Sleeper (2+1)",
        "Bharat Benz A/C Sleeper (2+1)",
        "Bharat Benz A/C Seater /Sleeper (2+1)"
      ],
      "Departing_Time": [
        "16:30",
        "16:30",
        "18:30",
        "22:30",
        "23:00",
        "23:35",
        "18:30",
        "23:55",
        "18:30",
        "17:15",
        "18:50"
      ],
      "Reaching_Time": [
        "21:05",
        "20:45",
        "23:15",
        "03:45",
        "04:30",
        "04:20",
        "22:22",
        "05:30",
        "23:55",
        "21:50",
        "23:40"
      ],
      "Duration": [
        "04h 35m",
        "04h 15m",
        "04h 45m",
        "05h 15m",
        "05h 30m",
        "04h 45m",
        "03h 52m",
        "05h 35m",
        "05h 25m",
        "04h 35m",
        "04h 50m"
      ],
      "Star_Rating": [
        3.2,
        3.2,
        3.7,
        3.6,
        4.0,
        4.0,
        1.9,
        2.0,
        3.9,
        2.2,
        2.2
      ],
      "Seat_availability": [
        28,
        30,
        40,
        52
      ],
      "Price": [
        "399",
        "399",
        "399",
        "279",
        "899"
      ],
      "Reach_date": [
        "14-Aug",
        "14-Aug",
        "14-Aug",
        "14-Aug"
      ]
    },
    "Government": {}
  },
  "Ajmer to Jammu (j and k)": {
    "Private": {
      "Bus_Name": [],
      "Bus_Type": [],
      "Departing_Time": [],
      "Reaching_Time": [],
      "Duration": [],
      "Star_Rating": [],
      "Seat_availability": [],
      "Price": [],
      "Reach_date": []
    },
    "Government": {}
  }
}