{
  "Pune to Goa": {
    "Private": {
      "Bus_Name": [
        "Ashray Amrutyog",
        "Ashray Divine",
        "Laxmi-Princess Nova",
        "Prasanna - Purple Bus",
        "Ashray Travels",
        "IntrCity SmartBus",
        "Zingbus Plus",
        "Ashray Grand",
        "Ashray Vip Yellows",
        "Dolphin Travel House (37)",
        "Ashray National Express",
        "IntrCity SmartBus",
        "Atmaram Gobus",
        "IntrCity SmartBus",
        "Prasanna - Purple Bus",
        "Rajdhani Travels Corporation",
        "KVT Narmada Benz",
        "Laxmi Queen Prime",
        "Traveltime Travels (St.Christopher)",
        "Laxmi Queen Asta",
        "Abhishek Vishal Travels (Samarth)",
        "Traveltime Travels (Kelkar)",
        "Traveltime Travels (St.Christopher)",
        "Abhishek Vishal Travels (Samarth)",
        "KVT Narmada Benz",
        "IntrCity SmartBus",
        "Shreyash Travels",
        "PSR Travels Goa",
        "Laxmi Empress Stellar",
        "Dolphin travel house",
        "Gogte Travels (Shreyash)",
        "Shreyash Travels",
        "VRL Travels",
        "Dolphin Travel House (39)",
        "Shree Laxmi Travels",
        "MTS- My Travel Safe",
        "Anand Travels",
        "VRL Travels"
      ],
      "Bus_Type": [
        "A/C Sleeper (2+1)",
        "NON A/C Sleeper (1+2)",
        "Non A/C Seater / Sleeper (2+1)",
        "VE A/C Sleeper (2+1)",
        "Bharat Benz A/C Sleeper (2+1)",
        "AC Sleeper (2+1)",
        "Bharat Benz A/C Sleeper (2+1)",
        "Volvo Multi-Axle A/C Sleeper (2+1)",
        "A/C Sleeper (2+1)",
        "Bharat Benz A/C Sleeper (2+1)",
        "NON A/C Sleeper (2+1)",
        "Bharat Benz A/C Sleeper (2+1)",
        "NON A/C Sleeper (2+1)",
        "AC Sleeper (2+1)",
        "Volvo A/C Sleeper (2+1)",
        "VE A/C Sleeper (2+1)",
        "Bharat Benz A/C Sleeper (2+1)",
        "A/C Sleeper (2+1)",
        "Non AC Seater (2+2)",
        "A/C Sleeper (2+1)",
        "A/C Sleeper (2+1)",
        "NON A/C Seater/ Sleeper (2+1)",
        "Non AC Seater (2+2)",
        "A/C Sleeper (2+1)",
        "Bharat Benz A/C Sleeper (2+1)",
        "AC Sleeper (2+1)",
        "Bharat Benz A/C Sleeper (2+1)",
        "A/C Sleeper (2+1)",
        "NON A/C Sleeper (2+1)",
        "A/C Sleeper (2+1)",
        "NON A/C Sleeper (2+1)",
        "NON A/C Sleeper (2+1)",
        "A/C Sleeper (2+1)",
        "A/C Sleeper (2+1)",
        "Non AC Seater (2+2)",
        "AC Sleeper (2+1)",
        "NON A/C Sleeper (2+1)",
        "A/C Sleeper (2+1)"
      ],
      "Departing_Time": [
        "20:15",
        "19:20",
        "19:00",
        "20:55",
        "18:55",
        "23:00",
        "21:35",
        "21:15",
        "19:30",
        "19:00",
        "19:20",
        "20:45",
        "21:05",
        "21:45",
        "20:30",
        "22:45",
        "19:30",
        "19:00",
        "18:55",
        "19:15",
        "22:25",
        "19:10",
        "18:55",
        "22:25",
        "19:30",
        "20:45",
        "19:45",
        "23:00",
        "19:15",
        "23:20",
        "19:30",
        "19:00",
        "23:30",
        "22:15",
        "20:25",
        "19:30",
        "20:00",
        "20:30"
      ],
      "Reaching_Time": [
        "09:30",
        "06:45",
        "07:15",
        "09:30",
        "08:30",
        "10:00",
        "10:00",
        "09:30",
        "08:00",
        "06:30",
        "06:45",
        "08:20",
        "07:00",
        "09:10",
        "09:30",
        "09:35",
        "08:00",
        "07:30",
        "07:00",
        "08:00",
        "09:10",
        "08:45",
        "07:00",
        "09:10",
        "08:01",
        "08:20",
        "08:30",
        "09:15",
        "08:00",
        "10:45",
        "06:30",
        "06:30",
        "09:45",
        "09:15",
        "08:45",
        "07:40",
        "09:30",
        "08:00"
      ],
      "Duration": [
        "13h 15m",
        "11h 25m",
        "12h 15m",
        "12h 35m",
        "13h 35m",
        "11h 00m",
        "12h 25m",
        "12h 15m",
        "12h 30m",
        "11h 30m",
        "11h 25m",
        "11h 35m",
        "09h 55m",
        "11h 25m",
        "13h 00m",
        "10h 50m",
        "12h 30m",
        "12h 30m",
        "12h 05m",
        "12h 45m",
        "10h 45m",
        "13h 35m",
        "12h 05m",
        "10h 45m",
        "12h 31m",
        "11h 35m",
        "12h 45m",
        "10h 15m",
        "12h 45m",
        "11h 25m",
        "11h 00m",
        "11h 30m",
        "10h 15m",
        "11h 00m",
        "12h 20m",
        "12h 10m",
        "13h 30m",
        "11h 30m"
      ],
      "Star_Rating": [
        4.4,
        4.2,
        4.2,
        4.0,
        4.5,
        4.5,
        4.3,
        4.2,
        4.2,
        4.4,
        4.5,
        4.0,
        4.0,
        4.0,
        4.1,
        4.0,
        4.0,
        3.9,
        3.4,
        3.9,
        3.4,
        3.1,
        3.4,
        3.2,
        3.9,
        3.9,
        3.9,
        3.7,
        3.8,
        3.3,
        3.4,
        3.2,
        3.2,
        2.5,
        2.7,
        2.8,
        2.9,
        2.6
      ],
      "Seat_availability": [
        14,
        12,
        12,
        19,
        3,
        4,
        2,
        6,
        1,
        3,
        8,
        4,
        9,
        1,
        10,
        2,
        7,
        12,
        15,
        15,
        21,
        14,
        14,
        14,
        7,
        2,
        6,
        10,
        4,
        10,
        1,
        2,
        5,
        17,
        45,
        30,
        1,
        4
      ],
      "Price": [
        "0",
        "550",
        "8",
        "0",
        "914",
        "5",
        "860",
        "1105",
        "750",
        "763",
        "8",
        "1199",
        "1000",
        "1299",
        "555",
        "699",
        "900",
        "600",
        "555",
        "699",
        "1000",
        "914",
        "909",
        "999",
        "1199",
        "810",
        "799",
        "707",
        "1500",
        "810",
        "1400",
        "2856.19",
        "1000"
      ],
      "Reach_date": [
        "14-Aug",
        "14-Aug",
        "14-Aug",
        "14-Aug",
        "14-Aug",
        "14-Aug",
        "14-Aug",
        "14-Aug",
        "14-Aug",
        "14-Aug",
        "14-Aug",
        "14-Aug",
        "14-Aug",
        "14-Aug",
        "14-Aug",
        "14-Aug",
        "14-Aug",
        "14-Aug",
        "14-Aug",
        "14-Aug",
        "14-Aug",
        "14-Aug",
        "14-Aug",
        "14-Aug",
        "14-Aug",
        "14-Aug",
        "14-Aug",
        "14-Aug",
        "14-Aug",
        "14-Aug",
        "14-Aug",
        "14-Aug",
        "14-Aug",
        "14-Aug",
        "14-Aug",
        "14-Aug",
        "14-Aug",
        "14-Aug"
      ]
    },
    "Government": {}
  },
  "Goa to Pune": {
    "Private": {
      "Bus_Name": [
        "Ashray Travels",
        "IntrCity SmartBus",
        "Rajdhani Travels Corporation",
        "Atmaram Gobus",
        "Zingbus Plus",
        "Atmaram Travels(M.Dev)",
        "Ashray Travels",
        "Amrutyog Travels",
        "Atmaram Travels(KVT Narmada Red)",
        "Laxmi-Princess Nova",
        "Laxmi Queen Prime",
        "Zingbus Plus",
        "Prasanna - Purple Bus",
        "Prasanna Purple Big Bus",
        "Atmaram Gobus",
        "National Travels,Goa",
        "Atmaram Travels(GTA)",
        "Atmaram Travels (Unity)",
        "PSR Travels Goa",
        "VRL Travels",
        "Atmaram Gobus",
        "Atmaram Gobus",
        "Ashray Travels",
        "IntrCity SmartBus",
        "Atmaram Travels ( Ashray )",
        "Atmaram Travels (Dolphin)",
        "PSR Travels Goa",
        "Giroba Travels (ST.Christopher)",
        "Atmaram Travels (Dolphin)",
        "VAILANKANNI TRAVELS",
        "Ashray Travels",
        "Atmaram Travels (Dolphin)",
        "Anand Travels",
        "Atmaram Travels (Humsafar)",
        "Manish Roshan Travels",
        "Sai Travels - Shree Sai",
        "VRL Travels",
        "PSR Travels (Vaibhav)",
        "PSR Travels Goa",
        "Giroba Travels (Kelkar)",
        "IntrCity SmartBus",
        "Manish Travels",
        "Atmaram Travels (Vaibhav)",
        "AAINATH TRAVELS",
        "Manish Travels"
      ],
      "Bus_Type": [
        "Non A/C Seater / Sleeper (2+1)",
        "AC Sleeper (2+1)",
        "VE A/C Sleeper (2+1)",
        "NON A/C Sleeper (2+1)",
        "VE A/C Sleeper (2+1)",
        "A/C Sleeper (2+1)",
        "Volvo Multi-Axle A/C Sleeper (2+1)",
        "A/C Sleeper (2+1)",
        "Bharat Benz A/C Sleeper (2+1)",
        "Non A/C Seater / Sleeper (2+1)",
        "A/C Sleeper (2+1)",
        "VE A/C Sleeper (2+1)",
        "Volvo A/C Sleeper (2+1)",
        "VE A/C Sleeper (2+1)",
        "NON A/C Sleeper (2+1)",
        "NON A/C Sleeper (2+1)",
        "A/C Sleeper (2+1)",
        "A/C Sleeper (2+1)",
        "A/C Sleeper (2+1)",
        "A/C Sleeper (2+1)",
        "VE A/C Sleeper (2+1)",
        "VE A/C Sleeper (2+1)",
        "Bharat Benz A/C Sleeper (2+1)",
        "AC Sleeper (2+1)",
        "A/C Sleeper (2+1)",
        "A/C Sleeper (2+1)",
        "A/C Sleeper (2+1)",
        "NON A/C Airbus (2+2)",
        "A/C Sleeper (2+1)",
        "VE A/C Sleeper (2+1)",
        "Volvo Multi-Axle A/C Sleeper (2+1)",
        "AC Sleeper (2+1)",
        "NON A/C Sleeper (2+1)",
        "Bharat Benz A/C Sleeper (2+1)",
        "A/C Sleeper (2+1)",
        "NON A/C Push Back (2+2)",
        "A/C Sleeper (2+1)",
        "A/C Sleeper (2+1)",
        "A/C Sleeper (2+1)",
        "Non A/C Seater / Sleeper (2+1)",
        "AC Sleeper (2+1)",
        "NON A/C Seater (2+2)",
        "A/C Sleeper (2+1)",
        "A/C Sleeper (2+1)",
        "A/C Sleeper (2+1)"
      ],
      "Departing_Time": [
        "19:30",
        "20:30",
        "19:00",
        "19:16",
        "20:00",
        "20:45",
        "19:30",
        "19:00",
        "19:46",
        "19:00",
        "19:00",
        "19:00",
        "19:00",
        "20:15",
        "21:02",
        "19:00",
        "19:00",
        "19:30",
        "20:30",
        "19:30",
        "20:17",
        "21:15",
        "21:00",
        "19:05",
        "19:34",
        "19:00",
        "19:00",
        "18:55",
        "19:00",
        "19:00",
        "19:30",
        "19:10",
        "19:00",
        "19:05",
        "19:00",
        "19:25",
        "20:00",
        "21:01",
        "20:45",
        "18:55",
        "19:30",
        "19:10",
        "21:16",
        "20:15",
        "19:00"
      ],
      "Reaching_Time": [
        "06:30",
        "07:05",
        "06:10",
        "06:31",
        "07:45",
        "07:45",
        "07:15",
        "06:22",
        "07:31",
        "06:30",
        "06:30",
        "06:10",
        "06:15",
        "07:30",
        "07:32",
        "06:20",
        "06:00",
        "06:30",
        "07:45",
        "05:30",
        "06:22",
        "09:10",
        "10:00",
        "05:35",
        "06:20",
        "05:00",
        "06:00",
        "05:30",
        "04:25",
        "06:55",
        "08:05",
        "05:30",
        "04:00",
        "05:00",
        "06:30",
        "05:00",
        "07:00",
        "07:30",
        "07:45",
        "05:30",
        "06:15",
        "05:35",
        "08:31",
        "06:30",
        "05:30"
      ],
      "Duration": [
        "11h 00m",
        "10h 35m",
        "11h 10m",
        "11h 15m",
        "11h 45m",
        "11h 00m",
        "11h 45m",
        "11h 22m",
        "11h 45m",
        "11h 30m",
        "11h 30m",
        "11h 10m",
        "11h 15m",
        "11h 15m",
        "10h 30m",
        "11h 20m",
        "11h 00m",
        "11h 00m",
        "11h 15m",
        "10h 00m",
        "10h 05m",
        "11h 55m",
        "13h 00m",
        "10h 30m",
        "10h 46m",
        "10h 00m",
        "11h 00m",
        "10h 35m",
        "09h 25m",
        "11h 55m",
        "12h 35m",
        "10h 20m",
        "09h 00m",
        "09h 55m",
        "11h 30m",
        "09h 35m",
        "11h 00m",
        "10h 29m",
        "11h 00m",
        "10h 35m",
        "10h 45m",
        "10h 25m",
        "11h 15m",
        "10h 15m",
        "10h 30m"
      ],
      "Star_Rating": [
        4.5,
        4.4,
        4.5,
        4.3,
        4.5,
        4.4,
        4.0,
        4.1,
        4.0,
        4.1,
        4.0,
        4.4,
        4.2,
        4.1,
        4.8,
        4.3,
        4.1,
        4.1,
        4.2,
        4.0,
        4.8,
        4.8,
        4.5,
        4.4,
        3.9,
        3.8,
        3.8,
        3.9,
        3.8,
        3.6,
        3.7,
        3.5,
        3.1,
        3.6,
        3.6,
        3.2,
        3.4,
        3.1,
        3.6,
        3.3,
        3.8,
        2.8,
        2.7,
        2.6,
        2.7
      ],
      "Seat_availability": [
        36,
        11,
        13,
        12,
        13,
        23,
        11,
        12,
        17,
        23,
        25,
        18,
        11,
        18,
        22,
        12,
        20,
        21,
        18,
        21,
        3,
        1,
        10,
        5,
        15,
        17,
        12,
        32,
        17,
        29,
        13,
        21,
        19,
        16,
        27,
        45,
        22,
        26,
        21,
        22,
        10,
        32,
        27,
        22,
        23
      ],
      "Price": [
        "599",
        "699",
        "450",
        "575",
        "499",
        "401",
        "399",
        "550",
        "299",
        "599",
        "499",
        "499",
        "499",
        "700",
        "555",
        "599",
        "599",
        "399",
        "600",
        "499",
        "350",
        "555",
        "550",
        "5",
        "555",
        "650",
        "650",
        "5000",
        "700",
        "649",
        "444",
        "400",
        "599",
        "350",
        "501",
        "1200",
        "749"
      ],
      "Reach_date": [
        "14-Aug",
        "14-Aug",
        "14-Aug",
        "14-Aug",
        "14-Aug",
        "14-Aug",
        "14-Aug",
        "14-Aug",
        "14-Aug",
        "14-Aug",
        "14-Aug",
        "14-Aug",
        "14-Aug",
        "14-Aug",
        "14-Aug",
        "14-Aug",
        "14-Aug",
        "14-Aug",
        "14-Aug",
        "14-Aug",
        "14-Aug",
        "14-Aug",
        "14-Aug",
        "14-Aug",
        "14-Aug",
        "14-Aug",
        "14-Aug",
        "14-Aug",
        "14-Aug",
        "14-Aug",
        "14-Aug",
        "14-Aug",
        "14-Aug",
        "14-Aug",
        "14-Aug",
        "14-Aug",
        "14-Aug",
        "14-Aug",
        "14-Aug",
        "14-Aug",
        "14-Aug",
        "14-Aug",
        "14-Aug",
        "14-Aug",
        "14-Aug"
      ]
    },
    "Government": {}
  },
  "Mumbai to Goa": {
    "Private": {
      "Bus_Name": [
        "Global Travel Agency (GTA)",
        "Konkan Travels National",
        "Mascot Travels(M.Dev)",
        "AdVaibhav travels",
        "Zingbus Plus",
        "IntrCity SmartBus",
        "IntrCity SmartBus",
        "AdDolphin Travel House (40)",
        "Rajdhani Travels Corporation",
        "IntrCity SmartBus",
        "Jolly Tours and Travels",
        "Mascot Travels(M.Dev)",
        "Konkan Travels National",
        "Shubham Vailankanni Travels",
        "Dolphin Travel House (39)",
        "Abhishek Vishal Travels (Samarth)",
        "Konkan Travels Mujawar",
        "Abhishek Vishal Travels (Samarth)",
        "Konkan Travels Mujawar",
        "Global Travel Agency (GTA)",
        "IntrCity SmartBus",
        "Dolphin travel house",
        "Shubham Saijyoti Travels",
        "VRL Travels",
        "Roshan Travels",
        "Atmaram Travels",
        "Atmaram Manish Travels",
        "GANESH PRASAD TRAVELS",
        "GANESH PRASAD TRAVELS"
      ],
      "Bus_Type": [
        "A/C Sleeper (2+1)",
        "A/C Sleeper (2+1)",
        "A/C Sleeper (2+1)",
        "A/C Sleeper (2+1)",
        "VE A/C Sleeper (2+1)",
        "AC Sleeper (2+1)",
        "AC Sleeper (2+1)",
        "A/C Sleeper (2+1)",
        "VE A/C Sleeper (2+1)",
        "AC Sleeper (2+1)",
        "VE A/C Sleeper (2+1)",
        "A/C Sleeper (2+1)",
        "NON A/C Sleeper (2+1)",
        "VE A/C Sleeper (2+1)",
        "A/C Sleeper (2+1)",
        "A/C Sleeper (2+1)",
        "NON A/C Sleeper (2+1)",
        "A/C Sleeper (2+1)",
        "NON A/C Sleeper (2+1)",
        "A/C Sleeper (2+1)",
        "AC Sleeper (2+1)",
        "A/C Sleeper (2+1)",
        "A/C Sleeper (2+1)",
        "A/C Sleeper (2+1)",
        "A/C Sleeper (2+1)",
        "A/C Sleeper (2+1)",
        "A/C Sleeper (2+1)",
        "NON A/C Seater (2+2)",
        "A/C Seater (2+2)"
      ],
      "Departing_Time": [
        "19:00",
        "19:00",
        "19:00",
        "18:55",
        "20:00",
        "18:55",
        "18:55",
        "20:45",
        "19:00",
        "18:55",
        "19:05",
        "19:00",
        "19:05",
        "20:30",
        "19:00",
        "19:00",
        "19:00",
        "19:00",
        "19:05",
        "19:00",
        "19:30",
        "18:55",
        "19:00",
        "19:15",
        "19:00",
        "19:00",
        "18:55",
        "19:15",
        "19:30"
      ],
      "Reaching_Time": [
        "11:35",
        "10:55",
        "12:00",
        "12:00",
        "13:10",
        "09:10",
        "10:00",
        "14:00",
        "09:35",
        "08:20",
        "07:05",
        "10:45",
        "09:45",
        "12:05",
        "09:15",
        "09:10",
        "11:30",
        "09:10",
        "11:45",
        "12:15",
        "10:45",
        "10:45",
        "11:00",
        "09:45",
        "10:00",
        "08:45",
        "09:45",
        "09:55",
        "10:55"
      ],
      "Duration": [
        "16h 35m",
        "15h 55m",
        "17h 00m",
        "17h 05m",
        "17h 10m",
        "14h 15m",
        "15h 05m",
        "17h 15m",
        "14h 35m",
        "13h 25m",
        "12h 00m",
        "15h 45m",
        "14h 40m",
        "15h 35m",
        "14h 15m",
        "14h 10m",
        "16h 30m",
        "14h 10m",
        "16h 40m",
        "17h 15m",
        "15h 15m",
        "15h 50m",
        "16h 00m",
        "14h 30m",
        "15h 00m",
        "13h 45m",
        "14h 50m",
        "14h 40m",
        "15h 25m"
      ],
      "Star_Rating": [
        4.1,
        4.0,
        4.1,
        3.7,
        4.6,
        4.4,
        4.3,
        3.8,
        4.3,
        4.2,
        4.1,
        3.8,
        3.9,
        3.3,
        3.2,
        3.6,
        3.5,
        3.2,
        3.5,
        3.5,
        3.9,
        3.5,
        3.7,
        3.0,
        1.5,
        2.6,
        2.6
      ],
      "Seat_availability": [
        14,
        12,
        15,
        13,
        3,
        1,
        4,
        16,
        1,
        1,
        4,
        13,
        12,
        12,
        15,
        21,
        25,
        14,
        24,
        29,
        5,
        8,
        10,
        5,
        18,
        11,
        14,
        49,
        49
      ],
      "Price": [
        "800",
        "763",
        "914",
        "860",
        "949",
        "914",
        "0",
        "860",
        "900",
        "699",
        "1200",
        "838",
        "860",
        "1500",
        "2500",
        "2500"
      ],
      "Reach_date": [
        "14-Aug",
        "14-Aug",
        "14-Aug",
        "14-Aug",
        "14-Aug",
        "14-Aug",
        "14-Aug",
        "14-Aug",
        "14-Aug",
        "14-Aug",
        "14-Aug",
        "14-Aug",
        "14-Aug",
        "14-Aug",
        "14-Aug",
        "14-Aug",
        "14-Aug",
        "14-Aug",
        "14-Aug",
        "14-Aug",
        "14-Aug",
        "14-Aug",
        "14-Aug",
        "14-Aug",
        "14-Aug",
        "14-Aug",
        "14-Aug",
        "14-Aug",
        "14-Aug"
      ]
    },
    "Government": {}
  },
  "Goa to Mumbai": {
    "Private": {
      "Bus_Name": [
        "Zingbus Plus",
        "IntrCity SmartBus",
        "Zingbus Plus",
        "AdNaik Tours And Travels",
        "Atmaram Travels(M.Dev)",
        "Atmaram Travels (Dolphin)",
        "National Travels,Goa",
        "Atmaram Travels (Unity)",
        "National Travels,Goa",
        "Atmaram Travels(M.Dev)",
        "IntrCity SmartBus",
        "Rajdhani Travels Corporation",
        "VAILANKANNI TRAVELS",
        "Atmaram Travels(GTA)",
        "Atmaram Travels (Dolphin)",
        "Atmaram Travels (Dolphin)",
        "Manish Roshan Travels",
        "Atmaram Travels (Vishal)",
        "Anand Travels",
        "Sai Travels",
        "Atmaram Travels (Vaibhav)",
        "Sai Travels",
        "Vailankanni Travels - Mujawar",
        "Sai Travels",
        "VRL Travels",
        "IntrCity SmartBus",
        "AAINATH TRAVELS",
        "Manish Travels",
        "Manish Travels",
        "GANESH PRASAD TRAVELS",
        "GANESH PRASAD TRAVELS"
      ],
      "Bus_Type": [
        "VE A/C Sleeper (2+1)",
        "AC Sleeper (2+1)",
        "VE A/C Sleeper (2+1)",
        "NON A/C Sleeper (2+1)",
        "A/C Sleeper (2+1)",
        "A/C Sleeper (2+1)",
        "A/C Sleeper (2+1)",
        "A/C Sleeper (2+1)",
        "NON A/C Sleeper (2+1)",
        "A/C Sleeper (2+1)",
        "AC Sleeper (2+1)",
        "VE A/C Sleeper (2+1)",
        "VE A/C Sleeper (2+1)",
        "A/C Sleeper (2+1)",
        "A/C Sleeper (2+1)",
        "AC Sleeper (2+1)",
        "A/C Sleeper (2+1)",
        "Non AC Seater (2+2)",
        "NON A/C Sleeper (2+1)",
        "A/C Sleeper (2+1)",
        "A/C Sleeper (2+1)",
        "A/C Sleeper (2+1)",
        "NON A/C Sleeper (2+1)",
        "NON A/C Sleeper (2+1)",
        "A/C Sleeper (2+1)",
        "AC Sleeper (2+1)",
        "A/C Sleeper (2+1)",
        "A/C Sleeper (2+1)",
        "Non AC Seater (2+2)",
        "A/C Seater (2+2)",
        "NON A/C Seater (2+2)"
      ],
      "Departing_Time": [
        "20:00",
        "20:30",
        "19:00",
        "19:15",
        "20:45",
        "19:00",
        "19:00",
        "19:30",
        "19:00",
        "19:47",
        "19:05",
        "19:00",
        "19:00",
        "19:00",
        "19:00",
        "19:10",
        "19:00",
        "19:00",
        "19:00",
        "19:45",
        "21:16",
        "19:20",
        "19:00",
        "19:15",
        "19:30",
        "19:30",
        "20:15",
        "19:00",
        "19:00",
        "19:00",
        "19:40"
      ],
      "Reaching_Time": [
        "13:25",
        "11:20",
        "10:45",
        "06:45",
        "11:50",
        "09:25",
        "10:30",
        "08:00",
        "07:30",
        "10:57",
        "09:40",
        "08:10",
        "09:30",
        "09:35",
        "07:50",
        "10:30",
        "10:30",
        "09:20",
        "07:30",
        "10:35",
        "12:41",
        "08:00",
        "08:30",
        "09:00",
        "10:00",
        "10:20",
        "12:10",
        "09:30",
        "09:00",
        "08:30",
        "07:15"
      ],
      "Duration": [
        "17h 25m",
        "14h 50m",
        "15h 45m",
        "11h 30m",
        "15h 05m",
        "14h 25m",
        "15h 30m",
        "12h 30m",
        "12h 30m",
        "15h 10m",
        "14h 35m",
        "13h 10m",
        "14h 30m",
        "14h 35m",
        "12h 50m",
        "15h 20m",
        "15h 30m",
        "14h 20m",
        "12h 30m",
        "14h 50m",
        "15h 25m",
        "12h 40m",
        "13h 30m",
        "13h 45m",
        "14h 30m",
        "14h 50m",
        "15h 55m",
        "14h 30m",
        "14h 00m",
        "13h 30m",
        "11h 35m"
      ],
      "Star_Rating": [
        4.6,
        4.3,
        4.4,
        4.5,
        4.1,
        4.1,
        4.1,
        4.0,
        4.0,
        4.1,
        4.6,
        4.3,
        3.9,
        3.6,
        3.6,
        3.6,
        3.5,
        3.6,
        3.0,
        3.7,
        3.6,
        3.6,
        3.6,
        3.6,
        3.0,
        3.8,
        2.2,
        2.7,
        2.7
      ],
      "Seat_availability": [
        13,
        11,
        18,
        12,
        23,
        17,
        18,
        21,
        15,
        25,
        5,
        9,
        26,
        22,
        17,
        22,
        27,
        27,
        17,
        28,
        27,
        27,
        16,
        31,
        21,
        10,
        22,
        23,
        31,
        49,
        49
      ],
      "Price": [
        "599",
        "699",
        "600",
        "500",
        "499",
        "500",
        "499",
        "599",
        "699",
        "550",
        "499",
        "555",
        "555",
        "650",
        "350",
        "5000",
        "600",
        "999",
        "500",
        "5000",
        "700",
        "599",
        "1200",
        "749",
        "450",
        "2500",
        "2000"
      ],
      "Reach_date": [
        "14-Aug",
        "14-Aug",
        "14-Aug",
        "14-Aug",
        "14-Aug",
        "14-Aug",
        "14-Aug",
        "14-Aug",
        "14-Aug",
        "14-Aug",
        "14-Aug",
        "14-Aug",
        "14-Aug",
        "14-Aug",
        "14-Aug",
        "14-Aug",
        "14-Aug",
        "14-Aug",
        "14-Aug",
        "14-Aug",
        "14-Aug",
        "14-Aug",
        "14-Aug",
        "14-Aug",
        "14-Aug",
        "14-Aug",
        "14-Aug",
        "14-Aug",
        "14-Aug",
        "14-Aug",
        "14-Aug"
      ]
    },
    "Government": {}
  },
  "Pandharpur to Goa": {
    "Private": {
      "Bus_Name": [
        "Kadamba Transport Corporation Limited (KTCL) - 61005"
      ],
      "Bus_Type": [
        "Non AC Seater 2+2"
      ],
      "Departing_Time": [
        "21:15"
      ],
      "Reaching_Time": [
        "10:00"
      ],
      "Duration": [
        "12h 45m"
      ],
      "Star_Rating": [
        3.2
      ],
      "Seat_availability": [
        32
      ],
      "Price": [
        "735"
      ],
      "Reach_date": [
        "14-Aug"
      ]
    },
    "Government": {}
  },
  "Bangalore to Goa": {
    "Private": {
      "Bus_Name": [
        "IntrCity SmartBus",
        "Streamline tours and travels",
        "Sri Varalakshmi Travels",
        "Sea Bird Tourist",
        "Sea Bird Tourist",
        "NAS Travels",
        "Sea Bird Tourist"
      ],
      "Bus_Type": [
        "AC Sleeper (2+1)",
        "A/C Sleeper (2+1)",
        "NON A/C Sleeper (1+2)",
        "Volvo Multi-Axle I-Shift B11R Semi Sleeper (2+2)",
        "A/C Sleeper (2+1)",
        "A/C Sleeper (2+1)",
        "A/C Sleeper (2+1)"
      ],
      "Departing_Time": [
        "19:05",
        "19:45",
        "19:00",
        "20:05",
        "19:50",
        "21:30",
        "18:59"
      ],
      "Reaching_Time": [
        "10:40",
        "11:15",
        "10:15",
        "12:30",
        "11:15",
        "08:30",
        "10:15"
      ],
      "Duration": [
        "15h 35m",
        "15h 30m",
        "15h 15m",
        "16h 25m",
        "15h 25m",
        "11h 00m",
        "15h 16m"
      ],
      "Star_Rating": [
        4.3,
        4.0,
        4.1,
        3.5,
        3.4,
        2.7
      ],
      "Seat_availability": [
        1,
        2,
        1,
        18,
        5,
        26,
        2
      ],
      "Price": [
        "2165",
        "2200",
        "1499",
        "1900",
        "2500",
        "9999",
        "2400"
      ],
      "Reach_date": [
        "14-Aug",
        "14-Aug",
        "14-Aug",
        "14-Aug",
        "14-Aug",
        "14-Aug",
        "14-Aug"
      ]
    },
    "Government": {}
  },
  "Goa to Pandharpur": {
    "Private": {
      "Bus_Name": [
        "SR Tours & Travels"
      ],
      "Bus_Type": [
        "A/C Sleeper (2+1)"
      ],
      "Departing_Time": [
        "18:50"
      ],
      "Reaching_Time": [
        "03:20"
      ],
      "Duration": [
        "08h 30m"
      ],
      "Star_Rating": [
        2.0
      ],
      "Seat_availability": [
        29
      ],
      "Price": [],
      "Reach_date": [
        "14-Aug"
      ]
    },
    "Government": {}
  },
  "Belagavi to Goa": {
    "Private": {
      "Bus_Name": [
        "S R Travels"
      ],
      "Bus_Type": [
        "NON A/C Sleeper (2+1)"
      ],
      "Departing_Time": [
        "01:00"
      ],
      "Reaching_Time": [
        "06:00"
      ],
      "Duration": [
        "05h 00m"
      ],
      "Star_Rating": [
        1.7
      ],
      "Seat_availability": [
        1
      ],
      "Price": [
        "799"
      ],
      "Reach_date": [
        "14-Aug"
      ]
    },
    "Government": {}
  },
  "Goa to Bangalore": {
    "Private": {
      "Bus_Name": [
        "Intercity travels",
        "Sunrise Tours and Travels",
        "Streamline tours and travels",
        "Streamline tours and travels",
        "Sunrise Tours and Travels",
        "IntrCity SmartBus",
        "Shanta Travels",
        "Sea Bird Tourist",
        "Sugama Tourist",
        "VRL Travels",
        "Sea Bird Tourist",
        "Janatha Travels",
        "VRL Travels",
        "VRL Travels",
        "Sea Bird Tourist",
        "SRS Travels",
        "Sugama Tourist",
        "Sea Bird Tourist",
        "Northern Travels",
        "Anand Travels",
        "Balaji Tourist"
      ],
      "Bus_Type": [
        "Bharat Benz A/C Sleeper (2+1)",
        "A/C Sleeper (2+1)",
        "A/C Sleeper (2+1)",
        "A/C Sleeper (2+1)",
        "A/C Sleeper (2+1)",
        "AC Sleeper (2+1)",
        "NON A/C Sleeper (2+1)",
        "A/C Sleeper (2+1)",
        "NON A/C Sleeper (2+1)",
        "A/C Seater / Sleeper (2+1)",
        "NON A/C Sleeper (2+1)",
        "NON A/C Sleeper (2+1)",
        "NON A/C Sleeper (2+1)",
        "A/C Sleeper (2+1)",
        "NON A/C Sleeper (2+1)",
        "NON AC Seater / Sleeper 2+1",
        "NON A/C Sleeper (2+1)",
        "A/C Sleeper (2+1)",
        "Bharat Benz A/C Sleeper (2+1)",
        "NON A/C Sleeper (2+1)",
        "Volvo Multi-Axle A/C Semisleeper (2+2)"
      ],
      "Departing_Time": [
        "19:30",
        "19:15",
        "19:00",
        "19:40",
        "19:30",
        "19:00",
        "19:20",
        "19:30",
        "19:45",
        "19:00",
        "19:15",
        "19:00",
        "19:00",
        "20:00",
        "19:00",
        "19:00",
        "19:00",
        "19:30",
        "20:00",
        "19:00",
        "19:45"
      ],
      "Reaching_Time": [
        "07:15",
        "07:10",
        "07:30",
        "06:30",
        "06:35",
        "08:35",
        "07:15",
        "09:30",
        "07:45",
        "09:00",
        "07:30",
        "06:35",
        "08:00",
        "10:00",
        "08:30",
        "07:30",
        "07:45",
        "08:30",
        "08:20",
        "06:45",
        "06:25"
      ],
      "Duration": [
        "11h 45m",
        "11h 55m",
        "12h 30m",
        "10h 50m",
        "11h 05m",
        "13h 35m",
        "11h 55m",
        "14h 00m",
        "12h 00m",
        "14h 00m",
        "12h 15m",
        "11h 35m",
        "13h 00m",
        "14h 00m",
        "13h 30m",
        "12h 30m",
        "12h 45m",
        "13h 00m",
        "12h 20m",
        "11h 45m",
        "10h 40m"
      ],
      "Star_Rating": [
        4.6,
        4.5,
        4.0,
        4.0,
        4.5,
        4.3,
        4.1,
        3.4,
        3.3,
        3.8,
        3.1,
        3.5,
        3.8,
        3.0,
        2.7,
        2.4,
        2.2,
        2.2,
        1.6,
        2.8
      ],
      "Seat_availability": [
        13,
        13,
        18,
        25,
        12,
        4,
        7,
        24,
        17,
        14,
        19,
        17,
        6,
        4,
        14,
        22,
        21,
        23,
        36,
        2,
        1
      ],
      "Price": [
        "9",
        "999",
        "999",
        "799",
        "860",
        "900",
        "950",
        "600",
        "700",
        "12345",
        "700",
        "1200",
        "700",
        "950",
        "800",
        "0",
        "560",
        "3000"
      ],
      "Reach_date": [
        "14-Aug",
        "14-Aug",
        "14-Aug",
        "14-Aug",
        "14-Aug",
        "14-Aug",
        "14-Aug",
        "14-Aug",
        "14-Aug",
        "14-Aug",
        "14-Aug",
        "14-Aug",
        "14-Aug",
        "14-Aug",
        "14-Aug",
        "14-Aug",
        "14-Aug",
        "14-Aug",
        "14-Aug",
        "14-Aug",
        "14-Aug"
      ]
    },
    "Government": {}
  },
  "Solapur to Goa": {
    "Private": {
      "Bus_Name": [
        "Humsafar Travels"
      ],
      "Bus_Type": [
        "A/C Sleeper (2+1)"
      ],
      "Departing_Time": [
        "22:30"
      ],
      "Reaching_Time": [
        "08:00"
      ],
      "Duration": [
        "09h 30m"
      ],
      "Star_Rating": [
        3.3
      ],
      "Seat_availability": [
        2
      ],
      "Price": [
        "1350"
      ],
      "Reach_date": [
        "14-Aug"
      ]
    },
    "Government": {}
  },
  "Goa to Kolhapur(Maharashtra)": {
    "Private": {
      "Bus_Name": [
        "Atmaram Travels (Dolphin)",
        "Amrutyog Travels",
        "Atmaram Travels(GTA)",
        "PSR Travels Goa",
        "Laxmi Queen Prime",
        "VRL Travels",
        "Zingbus Plus",
        "Vaibhav Travels",
        "Ashray Travels",
        "VRL Travels",
        "Zingbus Plus",
        "PSR Travels Goa",
        "PSR Travels (Vaibhav)",
        "PSR Travels Goa",
        "Atmaram Travels (Vaibhav)",
        "Laxmi-Princess Nova",
        "Atmaram Travels (Dolphin)",
        "Anand Travels",
        "Manish Travels",
        "Manish Roshan Travels",
        "SR Tours & Travels",
        "Atmaram Travels (Dolphin)",
        "Manish Travels",
        "Giroba Travels",
        "Sai Travels - Shree Sai",
        "Atmaram Travels (Shreyas)",
        "AAINATH TRAVELS"
      ],
      "Bus_Type": [
        "A/C Sleeper (2+1)",
        "A/C Sleeper (2+1)",
        "A/C Sleeper (2+1)",
        "A/C Sleeper (2+1)",
        "A/C Sleeper (2+1)",
        "A/C Sleeper (2+1)",
        "VE A/C Sleeper (2+1)",
        "A/C Sleeper (2+1)",
        "Non A/C Seater / Sleeper (2+1)",
        "A/C Sleeper (2+1)",
        "VE A/C Sleeper (2+1)",
        "A/C Sleeper (2+1)",
        "A/C Sleeper (2+1)",
        "A/C Sleeper (2+1)",
        "A/C Sleeper (2+1)",
        "Non A/C Seater / Sleeper (2+1)",
        "A/C Sleeper (2+1)",
        "NON A/C Sleeper (2+1)",
        "A/C Sleeper (2+1)",
        "A/C Sleeper (2+1)",
        "A/C Sleeper (2+1)",
        "AC Sleeper (2+1)",
        "NON A/C Seater (2+2)",
        "Non AC Seater (2+2)",
        "NON A/C Push Back (2+2)",
        "Bharat Benz A/C Sleeper (2+1)",
        "A/C Sleeper (2+1)"
      ],
      "Departing_Time": [
        "19:00",
        "19:00",
        "19:00",
        "19:15",
        "19:30",
        "19:30",
        "19:40",
        "20:00",
        "20:00",
        "20:00",
        "21:05",
        "22:00",
        "22:30",
        "22:30",
        "22:31",
        "19:00",
        "19:00",
        "19:00",
        "19:00",
        "19:00",
        "19:05",
        "19:10",
        "19:10",
        "18:55",
        "19:00",
        "20:03",
        "21:30"
      ],
      "Reaching_Time": [
        "23:40",
        "02:30",
        "01:45",
        "01:15",
        "01:30",
        "02:00",
        "01:45",
        "06:12",
        "01:30",
        "03:00",
        "02:45",
        "03:45",
        "03:30",
        "04:15",
        "04:01",
        "01:30",
        "23:00",
        "02:00",
        "02:30",
        "03:30",
        "23:58",
        "00:45",
        "23:55",
        "02:00",
        "01:30",
        "02:03",
        "02:30"
      ],
      "Duration": [
        "04h 40m",
        "07h 30m",
        "06h 45m",
        "06h 00m",
        "06h 00m",
        "06h 30m",
        "06h 05m",
        "10h 12m",
        "05h 30m",
        "07h 00m",
        "05h 40m",
        "05h 45m",
        "05h 00m",
        "05h 45m",
        "05h 30m",
        "06h 30m",
        "04h 00m",
        "07h 00m",
        "07h 30m",
        "08h 30m",
        "04h 53m",
        "05h 35m",
        "04h 45m",
        "07h 05m",
        "06h 30m",
        "06h 00m",
        "05h 00m"
      ],
      "Star_Rating": [
        3.3,
        4.4,
        4.0,
        3.6,
        3.9,
        3.4,
        4.8,
        3.7,
        3.3,
        3.4,
        4.7,
        3.6,
        4.2,
        3.6,
        4.6,
        2.5,
        2.2,
        2.8,
        2.7,
        2.7,
        2.0,
        2.8,
        2.9,
        3.3,
        3.6,
        4.0,
        2.0
      ],
      "Seat_availability": [
        12,
        22,
        12,
        25,
        22,
        21,
        15,
        37,
        23,
        15,
        18,
        26,
        21,
        26,
        28,
        19,
        23,
        27,
        22,
        44,
        45,
        30,
        23
      ],
      "Price": [
        "550",
        "499",
        "499",
        "499",
        "550",
        "700",
        "700",
        "499",
        "649",
        "444",
        "501",
        "399",
        "555",
        "749",
        "650",
        "555",
        "350",
        "2000",
        "5000",
        "3500",
        "2499"
      ],
      "Reach_date": [
        "14-Aug",
        "14-Aug",
        "14-Aug",
        "14-Aug",
        "14-Aug",
        "14-Aug",
        "14-Aug",
        "14-Aug",
        "14-Aug",
        "14-Aug",
        "14-Aug",
        "14-Aug",
        "14-Aug",
        "14-Aug",
        "14-Aug",
        "14-Aug",
        "14-Aug",
        "14-Aug",
        "14-Aug",
        "14-Aug",
        "14-Aug",
        "14-Aug",
        "14-Aug"
      ]
    },
    "Government": {
      "Bus_Name": [
        "Kadamba Transport Corporation Limited (KTCL) - 60996",
        "Kadamba Transport Corporation Limited (KTCL) - 6032",
        "Atmaram Travels (Dolphin)",
        "Amrutyog Travels",
        "Atmaram Travels(GTA)",
        "PSR Travels Goa",
        "Laxmi Queen Prime",
        "VRL Travels",
        "Zingbus Plus",
        "Vaibhav Travels",
        "Ashray Travels",
        "VRL Travels",
        "Zingbus Plus",
        "PSR Travels Goa",
        "PSR Travels (Vaibhav)",
        "PSR Travels Goa",
        "Atmaram Travels (Vaibhav)",
        "Laxmi-Princess Nova",
        "Atmaram Travels (Dolphin)",
        "Anand Travels",
        "Manish Travels",
        "Manish Roshan Travels",
        "SR Tours & Travels",
        "Atmaram Travels (Dolphin)",
        "Manish Travels",
        "Giroba Travels",
        "Sai Travels - Shree Sai",
        "Atmaram Travels (Shreyas)",
        "AAINATH TRAVELS"
      ],
      "Bus_Type": [
        "Non AC Seater 2+2",
        "Non AC Seater 2+2",
        "A/C Sleeper (2+1)",
        "A/C Sleeper (2+1)",
        "A/C Sleeper (2+1)",
        "A/C Sleeper (2+1)",
        "A/C Sleeper (2+1)",
        "A/C Sleeper (2+1)",
        "VE A/C Sleeper (2+1)",
        "A/C Sleeper (2+1)",
        "Non A/C Seater / Sleeper (2+1)",
        "A/C Sleeper (2+1)",
        "VE A/C Sleeper (2+1)",
        "A/C Sleeper (2+1)",
        "A/C Sleeper (2+1)",
        "A/C Sleeper (2+1)",
        "A/C Sleeper (2+1)",
        "Non A/C Seater / Sleeper (2+1)",
        "A/C Sleeper (2+1)",
        "NON A/C Sleeper (2+1)",
        "A/C Sleeper (2+1)",
        "A/C Sleeper (2+1)",
        "A/C Sleeper (2+1)",
        "AC Sleeper (2+1)",
        "NON A/C Seater (2+2)",
        "Non AC Seater (2+2)",
        "NON A/C Push Back (2+2)",
        "Bharat Benz A/C Sleeper (2+1)",
        "A/C Sleeper (2+1)"
      ],
      "Departing_Time": [
        "19:00",
        "19:00",
        "19:00",
        "19:00",
        "19:00",
        "19:15",
        "19:30",
        "19:30",
        "19:40",
        "20:00",
        "20:00",
        "20:00",
        "21:05",
        "22:00",
        "22:30",
        "22:30",
        "22:31",
        "19:00",
        "19:00",
        "19:00",
        "19:00",
        "19:00",
        "19:05",
        "19:10",
        "19:10",
        "18:55",
        "19:00",
        "20:03",
        "21:30"
      ],
      "Reaching_Time": [
        "02:30",
        "02:30",
        "23:40",
        "02:30",
        "01:45",
        "01:15",
        "01:30",
        "02:00",
        "01:45",
        "06:12",
        "01:30",
        "03:00",
        "02:45",
        "03:45",
        "03:30",
        "04:15",
        "04:01",
        "01:30",
        "23:00",
        "02:00",
        "02:30",
        "03:30",
        "23:58",
        "00:45",
        "23:55",
        "02:00",
        "01:30",
        "02:03",
        "02:30"
      ],
      "Duration": [
        "07h 30m",
        "07h 30m",
        "04h 40m",
        "07h 30m",
        "06h 45m",
        "06h 00m",
        "06h 00m",
        "06h 30m",
        "06h 05m",
        "10h 12m",
        "05h 30m",
        "07h 00m",
        "05h 40m",
        "05h 45m",
        "05h 00m",
        "05h 45m",
        "05h 30m",
        "06h 30m",
        "04h 00m",
        "07h 00m",
        "07h 30m",
        "08h 30m",
        "04h 53m",
        "05h 35m",
        "04h 45m",
        "07h 05m",
        "06h 30m",
        "06h 00m",
        "05h 00m"
      ],
      "Star_Rating": [
        4.1,
        3.9,
        3.3,
        4.4,
        4.0,
        3.6,
        3.9,
        3.4,
        4.8,
        3.7,
        3.3,
        3.4,
        4.7,
        3.6,
        4.2,
        3.6,
        4.6,
        2.5,
        2.2,
        2.8,
        2.7,
        2.7,
        2.0,
        2.8,
        2.9,
        3.3,
        3.6,
        4.0,
        2.0
      ],
      "Seat_availability": [
        23,
        23,
        12,
        22,
        12,
        25,
        22,
        21,
        15,
        37,
        23,
        15,
        18,
        26,
        21,
        26,
        28,
        19,
        23,
        27,
        22,
        44,
        45,
        30,
        23
      ],
      "Price": [
        "420",
        "450",
        "550",
        "499",
        "499",
        "499",
        "550",
        "700",
        "700",
        "499",
        "649",
        "444",
        "501",
        "399",
        "555",
        "749",
        "650",
        "555",
        "350",
        "2000",
        "5000",
        "3500",
        "2499"
      ],
      "Reach_date": [
        "14-Aug",
        "14-Aug",
        "14-Aug",
        "14-Aug",
        "14-Aug",
        "14-Aug",
        "14-Aug",
        "14-Aug",
        "14-Aug",
        "14-Aug",
        "14-Aug",
        "14-Aug",
        "14-Aug",
        "14-Aug",
        "14-Aug",
        "14-Aug",
        "14-Aug",
        "14-Aug",
        "14-Aug",
        "14-Aug",
        "14-Aug",
        "14-Aug",
        "14-Aug",
        "14-Aug",
        "14-Aug"
      ]
    }
  },
  "Goa to Solapur": {
    "Private": {
      "Bus_Name": [
        "S R Travels",
        "Humsafar Travels",
        "SR Tours & Travels"
      ],
      "Bus_Type": [
        "A/C Seater/Sleeper (2+1)",
        "A/C Sleeper (2+1)",
        "A/C Sleeper (2+1)"
      ],
      "Departing_Time": [
        "20:30",
        "19:00",
        "19:05"
      ],
      "Reaching_Time": [
        "07:30",
        "04:30",
        "04:50"
      ],
      "Duration": [
        "11h 00m",
        "09h 30m",
        "09h 45m"
      ],
      "Star_Rating": [
        2.4,
        3.7,
        2.0
      ],
      "Seat_availability": [
        28,
        13,
        29
      ],
      "Price": [
        "500",
        "1050"
      ],
      "Reach_date": [
        "14-Aug",
        "14-Aug",
        "14-Aug"
      ]
    },
    "Government": {}
  },
  "Goa to Sangola (Solapur)": {
    "Private": {
      "Bus_Name": [
        "Kadamba Transport Corporation Limited (KTCL) - 60996",
        "Humsafar Travels",
        "SR Tours & Travels"
      ],
      "Bus_Type": [
        "Non AC Seater 2+2",
        "A/C Sleeper (2+1)",
        "A/C Sleeper (2+1)"
      ],
      "Departing_Time": [
        "19:00",
        "19:00",
        "19:05"
      ],
      "Reaching_Time": [
        "06:05",
        "02:00",
        "02:50"
      ],
      "Duration": [
        "11h 05m",
        "07h 00m",
        "07h 45m"
      ],
      "Star_Rating": [
        3.1,
        3.1,
        2.0
      ],
      "Seat_availability": [
        25,
        31,
        29
      ],
      "Price": [
        "675",
        "1050"
      ],
      "Reach_date": [
        "14-Aug",
        "14-Aug",
        "14-Aug"
      ]
    },
    "Government": {}
  },
  "Sangola (Solapur) to Goa": {
    "Private": {
      "Bus_Name": [
        "Kadamba Transport Corporation Limited (KTCL) - 61005"
      ],
      "Bus_Type": [
        "Non AC Seater 2+2"
      ],
      "Departing_Time": [
        "21:45"
      ],
      "Reaching_Time": [
        "10:00"
      ],
      "Duration": [
        "12h 15m"
      ],
      "Star_Rating": [
        2.5
      ],
      "Seat_availability": [
        31
      ],
      "Price": [
        "675"
      ],
      "Reach_date": [
        "14-Aug"
      ]
    },
    "Government": {}
  },
  "Calangute (goa) to Goa Airport": {
    "Private": {
      "Bus_Name": [],
      "Bus_Type": [],
      "Departing_Time": [],
      "Reaching_Time": [],
      "Duration": [],
      "Star_Rating": [],
      "Seat_availability": [],
      "Price": [],
      "Reach_date": []
    },
    "Government": {}
  },
  "Goa to Sangli": {
    "Private": {
      "Bus_Name": [
        "Kadamba Transport Corporation Limited (KTCL) - 60996",
        "Humsafar Travels",
        "Vaibhav Travels",
        "SR Tours & Travels"
      ],
      "Bus_Type": [
        "Non AC Seater 2+2",
        "A/C Sleeper (2+1)",
        "A/C Sleeper (2+1)",
        "A/C Sleeper (2+1)"
      ],
      "Departing_Time": [
        "19:00",
        "19:00",
        "20:00",
        "19:05"
      ],
      "Reaching_Time": [
        "04:00",
        "01:30",
        "05:40",
        "01:05"
      ],
      "Duration": [
        "09h 00m",
        "06h 30m",
        "09h 40m",
        "06h 00m"
      ],
      "Star_Rating": [
        3.0,
        4.0,
        3.6,
        2.0
      ],
      "Seat_availability": [
        23,
        26,
        15,
        29
      ],
      "Price": [
        "490",
        "1050"
      ],
      "Reach_date": [
        "14-Aug",
        "14-Aug",
        "14-Aug",
        "14-Aug"
      ]
    },
    "Government": {}
  },
  "Calangute (goa) to Mopa Airport": {
    "Private": {
      "Bus_Name": [],
      "Bus_Type": [],
      "Departing_Time": [],
      "Reaching_Time": [],
      "Duration": [],
      "Star_Rating": [],
      "Seat_availability": [],
      "Price": [],
      "Reach_date": []
    },
    "Government": {}
  },
  "Mopa Airport to Calangute (goa)": {
    "Private": {
      "Bus_Name": [],
      "Bus_Type": [],
      "Departing_Time": [],
      "Reaching_Time": [],
      "Duration": [],
      "Star_Rating": [],
      "Seat_availability": [],
      "Price": [],
      "Reach_date": []
    },
    "Government": {}
  },
  "Ponda to Belagavi": {
    "Private": {
      "Bus_Name": [],
      "Bus_Type": [],
      "Departing_Time": [],
      "Reaching_Time": [],
      "Duration": [],
      "Star_Rating": [],
      "Seat_availability": [],
      "Price": [],
      "Reach_date": []
    },
    "Government": {}
  },
  "Goa to Miraj": {
    "Private": {
      "Bus_Name": [
        "Vaibhav Travels",
        "Humsafar Travels",
        "SR Tours & Travels"
      ],
      "Bus_Type": [
        "A/C Sleeper (2+1)",
        "A/C Sleeper (2+1)",
        "A/C Sleeper (2+1)"
      ],
      "Departing_Time": [
        "20:00",
        "19:00",
        "19:05"
      ],
      "Reaching_Time": [
        "05:42",
        "01:30",
        "01:20"
      ],
      "Duration": [
        "09h 42m",
        "06h 30m",
        "06h 15m"
      ],
      "Star_Rating": [
        3.7,
        2.6,
        2.0
      ],
      "Seat_availability": [
        15,
        23,
        29
      ],
      "Price": [
        "1050"
      ],
      "Reach_date": [
        "14-Aug",
        "14-Aug",
        "14-Aug"
      ]
    },
    "Government": {}
  },
  "Goa Airport to Calangute (goa)": {
    "Private": {
      "Bus_Name": [],
      "Bus_Type": [],
      "Departing_Time": [],
      "Reaching_Time": [],
      "Duration": [],
      "Star_Rating": [],
      "Seat_availability": [],
      "Price": [],
      "Reach_date": []
    },
    "Government": {}
  },
  "Marcel to Belagavi": {
    "Private": {
      "Bus_Name": [],
      "Bus_Type": [],
      "Departing_Time": [],
      "Reaching_Time": [],
      "Duration": [],
      "Star_Rating": [],
      "Seat_availability": [],
      "Price": [],
      "Reach_date": []
    },
    "Government": {}
  },
  "Shivamogga to Goa": {
    "Private": {
      "Bus_Name": [],
      "Bus_Type": [],
      "Departing_Time": [],
      "Reaching_Time": [],
      "Duration": [],
      "Star_Rating": [],
      "Seat_availability": [],
      "Price": [],
      "Reach_date": []
    },
    "Government": {}
  },
  "Goa to Mopa Airport": {
    "Private": {
      "Bus_Name": [],
      "Bus_Type": [],
      "Departing_Time": [],
      "Reaching_Time": [],
      "Duration": [],
      "Star_Rating": [],
      "Seat_availability": [],
      "Price": [],
      "Reach_date": []
    },
    "Government": {}
  },
  "Goa to Satara": {
    "Private": {
      "Bus_Name": [
        "Kadamba Transport Corporation Limited (KTCL) - 6032",
        "Atmaram Gobus",
        "Ashray Travels",
        "Ashray Travels",
        "Atmaram Gobus",
        "Laxmi Queen Prime",
        "Atmaram Gobus",
        "Zingbus Plus",
        "Amrutyog Travels",
        "Anand Travels",
        "Atmaram Travels(M.Dev)",
        "Atmaram Travels(KVT Narmada Red)",
        "Laxmi-Princess Nova",
        "IntrCity SmartBus",
        "Ashray Travels",
        "Atmaram Travels ( Ashray )",
        "Atmaram Travels (Dolphin)",
        "Atmaram Travels (Dolphin)",
        "Atmaram Travels (Dolphin)",
        "Atmaram Travels(GTA)",
        "Atmaram Gobus",
        "Atmaram Travels (Unity)",
        "National Travels,Goa",
        "PSR Travels Goa",
        "Atmaram Travels ( Gogte )",
        "VRL Travels",
        "Atmaram Travels (Shreyas)",
        "Manish Roshan Travels",
        "Manish Travels",
        "Zingbus Plus",
        "Ashray Travels",
        "Atmaram Travels (Humsafar)",
        "Atmaram Travels (Vaibhav)",
        "Atmaram Travels (Shreyas)",
        "Atmaram Travels(GTA)",
        "Prasanna Purple Big Bus",
        "PSR Travels (Vaibhav)",
        "PSR Travels Goa",
        "PSR Travels Goa",
        "Giroba Travels (ST.Christopher)",
        "Giroba Travels (Kelkar)",
        "AAINATH TRAVELS",
        "VRL Travels"
      ],
      "Bus_Type": [
        "Non AC Seater 2+2",
        "VE A/C Sleeper (2+1)",
        "Volvo Multi-Axle A/C Sleeper (2+1)",
        "Bharat Benz A/C Sleeper (2+1)",
        "NON A/C Sleeper (2+1)",
        "A/C Sleeper (2+1)",
        "NON A/C Sleeper (2+1)",
        "VE A/C Sleeper (2+1)",
        "A/C Sleeper (2+1)",
        "NON A/C Sleeper (2+1)",
        "A/C Sleeper (2+1)",
        "Bharat Benz A/C Sleeper (2+1)",
        "Non A/C Seater / Sleeper (2+1)",
        "AC Sleeper (2+1)",
        "Non A/C Seater / Sleeper (2+1)",
        "A/C Sleeper (2+1)",
        "A/C Sleeper (2+1)",
        "A/C Sleeper (2+1)",
        "AC Sleeper (2+1)",
        "A/C Sleeper (2+1)",
        "VE A/C Sleeper (2+1)",
        "A/C Sleeper (2+1)",
        "NON A/C Sleeper (2+1)",
        "A/C Sleeper (2+1)",
        "NON A/C Sleeper (2+1)",
        "A/C Sleeper (2+1)",
        "NON A/C Sleeper (2+1)",
        "A/C Sleeper (2+1)",
        "A/C Sleeper (2+1)",
        "VE A/C Sleeper (2+1)",
        "Volvo Multi-Axle A/C Sleeper (2+1)",
        "Bharat Benz A/C Sleeper (2+1)",
        "A/C Sleeper (2+1)",
        "Bharat Benz A/C Sleeper (2+1)",
        "A/C Sleeper (2+1)",
        "VE A/C Sleeper (2+1)",
        "A/C Sleeper (2+1)",
        "A/C Sleeper (2+1)",
        "A/C Sleeper (2+1)",
        "NON A/C Airbus (2+2)",
        "Non A/C Seater / Sleeper (2+1)",
        "A/C Sleeper (2+1)",
        "A/C Sleeper (2+1)"
      ],
      "Departing_Time": [
        "19:00",
        "22:30",
        "21:00",
        "22:30",
        "21:02",
        "19:30",
        "20:01",
        "20:25",
        "19:00",
        "19:00",
        "22:00",
        "21:16",
        "19:00",
        "19:30",
        "20:00",
        "20:05",
        "19:00",
        "19:00",
        "19:10",
        "19:00",
        "21:32",
        "20:00",
        "19:00",
        "19:15",
        "21:15",
        "20:00",
        "20:30",
        "19:00",
        "19:00",
        "19:40",
        "20:00",
        "19:30",
        "22:31",
        "20:03",
        "21:30",
        "22:00",
        "22:30",
        "19:45",
        "22:30",
        "19:30",
        "19:15",
        "21:30",
        "19:30"
      ],
      "Reaching_Time": [
        "03:00",
        "06:10",
        "06:30",
        "08:00",
        "06:17",
        "05:00",
        "05:41",
        "05:10",
        "05:00",
        "03:30",
        "06:50",
        "06:01",
        "04:00",
        "03:10",
        "03:00",
        "05:35",
        "02:00",
        "03:30",
        "04:00",
        "04:15",
        "05:17",
        "04:45",
        "03:30",
        "03:10",
        "05:45",
        "05:00",
        "05:00",
        "05:30",
        "04:30",
        "04:10",
        "05:30",
        "03:45",
        "07:01",
        "04:03",
        "06:20",
        "05:30",
        "05:30",
        "02:30",
        "05:45",
        "04:00",
        "04:30",
        "04:30",
        "04:00"
      ],
      "Duration": [
        "08h 00m",
        "07h 40m",
        "09h 30m",
        "09h 30m",
        "09h 15m",
        "09h 30m",
        "09h 40m",
        "08h 45m",
        "10h 00m",
        "08h 30m",
        "08h 50m",
        "08h 45m",
        "09h 00m",
        "07h 40m",
        "07h 00m",
        "09h 30m",
        "07h 00m",
        "08h 30m",
        "08h 50m",
        "09h 15m",
        "07h 45m",
        "08h 45m",
        "08h 30m",
        "07h 55m",
        "08h 30m",
        "09h 00m",
        "08h 30m",
        "10h 30m",
        "09h 30m",
        "08h 30m",
        "09h 30m",
        "08h 15m",
        "08h 30m",
        "08h 00m",
        "08h 50m",
        "07h 30m",
        "07h 00m",
        "06h 45m",
        "07h 15m",
        "08h 30m",
        "09h 15m",
        "07h 00m",
        "08h 30m"
      ],
      "Star_Rating": [
        3.2,
        4.8,
        4.2,
        4.3,
        4.8,
        4.6,
        4.4,
        4.8,
        4.4,
        3.2,
        3.8,
        3.4,
        3.7,
        4.4,
        4.1,
        4.0,
        4.0,
        4.0,
        4.0,
        4.0,
        4.0,
        4.0,
        3.7,
        3.6,
        3.6,
        3.4,
        4.3,
        2.7,
        2.7,
        4.3,
        4.1,
        4.0,
        4.0,
        4.0,
        4.0,
        3.9,
        3.6,
        3.6,
        3.6,
        3.3,
        3.3,
        2.0,
        3.4
      ],
      "Seat_availability": [
        25,
        1,
        13,
        12,
        22,
        25,
        12,
        25,
        14,
        19,
        23,
        17,
        26,
        5,
        37,
        15,
        17,
        17,
        21,
        23,
        3,
        22,
        17,
        12,
        36,
        36,
        30,
        27,
        24,
        26,
        13,
        16,
        27,
        30,
        38,
        21,
        26,
        24,
        21,
        35,
        24,
        23,
        29
      ],
      "Price": [
        "550",
        "599",
        "299",
        "550",
        "450",
        "444",
        "575",
        "401",
        "399",
        "569",
        "399",
        "555",
        "600",
        "555",
        "499",
        "555",
        "499",
        "499",
        "499",
        "2000",
        "700",
        "2000",
        "650",
        "749",
        "5",
        "650",
        "501",
        "3500",
        "555",
        "649",
        "699",
        "444",
        "350",
        "400",
        "2499",
        "700"
      ],
      "Reach_date": [
        "14-Aug",
        "14-Aug",
        "14-Aug",
        "14-Aug",
        "14-Aug",
        "14-Aug",
        "14-Aug",
        "14-Aug",
        "14-Aug",
        "14-Aug",
        "14-Aug",
        "14-Aug",
        "14-Aug",
        "14-Aug",
        "14-Aug",
        "14-Aug",
        "14-Aug",
        "14-Aug",
        "14-Aug",
        "14-Aug",
        "14-Aug",
        "14-Aug",
        "14-Aug",
        "14-Aug",
        "14-Aug",
        "14-Aug",
        "14-Aug",
        "14-Aug",
        "14-Aug",
        "14-Aug",
        "14-Aug",
        "14-Aug",
        "14-Aug",
        "14-Aug",
        "14-Aug",
        "14-Aug",
        "14-Aug",
        "14-Aug",
        "14-Aug",
        "14-Aug",
        "14-Aug",
        "14-Aug",
        "14-Aug"
      ]
    },
    "Government": {}
  },
  "Belagavi to Marcel": {
    "Private": {
      "Bus_Name": [],
      "Bus_Type": [],
      "Departing_Time": [],
      "Reaching_Time": [],
      "Duration": [],
      "Star_Rating": [],
      "Seat_availability": [],
      "Price": [],
      "Reach_date": []
    },
    "Government": {}
  },
  "Mopa Airport to Goa": {
    "Private": {
      "Bus_Name": [],
      "Bus_Type": [],
      "Departing_Time": [],
      "Reaching_Time": [],
      "Duration": [],
      "Star_Rating": [],
      "Seat_availability": [],
      "Price": [],
      "Reach_date": []
    },
    "Government": {}
  },
  "Shirdi to Goa": {
    "Private": {
      "Bus_Name": [],
      "Bus_Type": [],
      "Departing_Time": [],
      "Reaching_Time": [],
      "Duration": [],
      "Star_Rating": [],
      "Seat_availability": [],
      "Price": [],
      "Reach_date": []
    },
    "Government": {}
  },
  "Goa to Shivamogga": {
    "Private": {
      "Bus_Name": [
        "Sea Bird Tourist"
      ],
      "Bus_Type": [
        "NON A/C Sleeper (2+1)"
      ],
      "Departing_Time": [
        "19:15"
      ],
      "Reaching_Time": [
        "02:30"
      ],
      "Duration": [
        "07h 15m"
      ],
      "Star_Rating": [
        4.1
      ],
      "Seat_availability": [
        23
      ],
      "Price": [
        "700"
      ],
      "Reach_date": [
        "14-Aug"
      ]
    },
    "Government": {}
  },
  "Goa to Shirdi": {
    "Private": {
      "Bus_Name": [
        "PSR Travels Goa"
      ],
      "Bus_Type": [
        "A/C Sleeper (2+1)"
      ],
      "Departing_Time": [
        "19:15"
      ],
      "Reaching_Time": [
        "10:00"
      ],
      "Duration": [
        "14h 45m"
      ],
      "Star_Rating": [
        3.6
      ],
      "Seat_availability": [
        8
      ],
      "Price": [
        "1099"
      ],
      "Reach_date": [
        "14-Aug"
      ]
    },
    "Government": {}
  },
  "Goa to Goa Airport": {
    "Private": {
      "Bus_Name": [],
      "Bus_Type": [],
      "Departing_Time": [],
      "Reaching_Time": [],
      "Duration": [],
      "Star_Rating": [],
      "Seat_availability": [],
      "Price": [],
      "Reach_date": []
    },
    "Government": {}
  },
  "Margao to Mopa Airport": {
    "Private": {
      "Bus_Name": [],
      "Bus_Type": [],
      "Departing_Time": [],
      "Reaching_Time": [],
      "Duration": [],
      "Star_Rating": [],
      "Seat_availability": [],
      "Price": [],
      "Reach_date": []
    },
    "Government": {}
  },
  "Goa Airport to Goa": {
    "Private": {
      "Bus_Name": [],
      "Bus_Type": [],
      "Departing_Time": [],
      "Reaching_Time": [],
      "Duration": [],
      "Star_Rating": [],
      "Seat_availability": [],
      "Price": [],
      "Reach_date": []
    },
    "Government": {}
  },
  "Mopa Airport to Margao": {
    "Private": {
      "Bus_Name": [],
      "Bus_Type": [],
      "Departing_Time": [],
      "Reaching_Time": [],
      "Duration": [],
      "Star_Rating": [],
      "Seat_availability": [],
      "Price": [],
      "Reach_date": []
    },
    "Government": {}
  },
  "Belagavi to Saquelim": {
    "Private": {
      "Bus_Name": [],
      "Bus_Type": [],
      "Departing_Time": [],
      "Reaching_Time": [],
      "Duration": [],
      "Star_Rating": [],
      "Seat_availability": [],
      "Price": [],
      "Reach_date": []
    },
    "Government": {}
  },
  "Panaji to Mopa Airport": {
    "Private": {
      "Bus_Name": [],
      "Bus_Type": [],
      "Departing_Time": [],
      "Reaching_Time": [],
      "Duration": [],
      "Star_Rating": [],
      "Seat_availability": [],
      "Price": [],
      "Reach_date": []
    },
    "Government": {}
  },
  "Saquelim to Belagavi": {
    "Private": {
      "Bus_Name": [],
      "Bus_Type": [],
      "Departing_Time": [],
      "Reaching_Time": [],
      "Duration": [],
      "Star_Rating": [],
      "Seat_availability": [],
      "Price": [],
      "Reach_date": []
    },
    "Government": {}
  },
  "Calangute (goa) to Goa": {
    "Private": {
      "Bus_Name": [],
      "Bus_Type": [],
      "Departing_Time": [],
      "Reaching_Time": [],
      "Duration": [],
      "Star_Rating": [],
      "Seat_availability": [],
      "Price": [],
      "Reach_date": []
    },
    "Government": {}
  },
  "Calangute (goa) to Panaji": {
    "Private": {
      "Bus_Name": [],
      "Bus_Type": [],
      "Departing_Time": [],
      "Reaching_Time": [],
      "Duration": [],
      "Star_Rating": [],
      "Seat_availability": [],
      "Price": [],
      "Reach_date": []
    },
    "Government": {}
  },
  "Goa Airport to Panaji": {
    "Private": {
      "Bus_Name": [],
      "Bus_Type": [],
      "Departing_Time": [],
      "Reaching_Time": [],
      "Duration": [],
      "Star_Rating": [],
      "Seat_availability": [],
      "Price": [],
      "Reach_date": []
    },
    "Government": {}
  }
}