{
  "Kolkata to Siliguri": {
    "Private": {
      "Bus_Name": [
        "SBSTC-KOLKATA - SILIGURI - VIA - MALDA - 20:00 (BEL DEPO - 3805",
        "Easy Ride",
        "Shyamoli Paribahan Pvt Ltd",
        "Lokenath Bus Service",
        "Express Line",
        "Shyamoli Paribahan Pvt Ltd",
        "Express Line",
        "Shyamoli Paribahan Pvt Ltd",
        "Lokenath Bus Service",
        "Greenline",
        "Lokenath Bus Service",
        "Greenline",
        "Shyamoli Paribahan Pvt Ltd",
        "Aitiana Airwings",
        "Rubi Paribahan",
        "Shyamoli Paribahan Pvt Ltd",
        "Rubi Paribahan",
        "Express Line",
        "Poulami Paribahan",
        "Lokenath Bus Service",
        "Lokenath Bus Service",
        "Modern Travels",
        "Express Line",
        "Aradhana Bus Service",
        "Express Line",
        "Royal Cruiser",
        "Greenline",
        "Maulik Paribahan",
        "Annesha Travels",
        "Maa Durga Bus Service",
        "Aitiana Airwings"
      ],
      "Bus_Type": [
        "Express (Non AC Seater 2+2)",
        "Volvo 9600 Multi-Axle A/C Sleeper (2+1)",
        "Volvo 9600 A/C Seater/Sleeper (2+1)",
        "Volvo 9600 Multi-Axle A/C Sleeper (2+1)",
        "Volvo Multi Axle A/C Sleeper I-Shift B11R (2+1)",
        "Volvo Multi-Axle A/C seater/sleeper (2+1)",
        "Volvo 9600 A/C Seater/Sleeper (2+1)",
        "Volvo 9600 Multi-Axle A/C Sleeper (2+1)",
        "Volvo Multi Axle B11R AC Seater\\Sleeper (2+1)",
        "Volvo Multi-Axle A/C Sleeper (2+1)",
        "Volvo Multi-Axle A/C Seater/Sleeper (2+1)",
        "Volvo 9600 Multi-Axle A/C Sleeper (2+1)",
        "Volvo Multi-Axle A/C Semi Sleeper (2+2)",
        "Volvo Multi-Axle Sleeper A/C (2+1)",
        "Volvo 9600 Multi-Axle A/C Sleeper (2+1)",
        "Scania Multi-Axle AC Semi Sleeper (2+2)",
        "Volvo Multi Axle B11R AC Seater\\Sleeper (2+1)",
        "Volvo Multi Axle A/C Sleeper I-Shift B11R (2+1)",
        "Volvo Multi-Axle A/C seater/sleeper (2+1)",
        "Volvo A/C B11R Multi Axle Semi Sleeper (2+2)",
        "A/C Seater / Sleeper (2+1)",
        "Bharat Benz A/C Seater /Sleeper (2+1)",
        "Volvo 9600 Multi-Axle A/C Sleeper (2+1)",
        "NON A/C Seater / Sleeper (2+2)",
        "Volvo 9600 Multi Axle Semi-Sleeper (2+2)",
        "Volvo A/C Seater (2+2)",
        "Volvo 9600 A/C Seater/Sleeper (2+1)",
        "A/C Seater / Sleeper (2+2)",
        "NON A/C Seater / Sleeper (2+2)",
        "NON A/C Seater / Sleeper (2+2)",
        "Volvo Multi-Axle Sleeper A/C (2+1)"
      ],
      "Departing_Time": [
        "20:00",
        "18:45",
        "18:30",
        "18:45",
        "20:00",
        "19:00",
        "19:30",
        "18:00",
        "20:00",
        "18:00",
        "18:15",
        "18:30",
        "20:00",
        "18:30",
        "19:00",
        "21:00",
        "18:00",
        "19:00",
        "19:00",
        "21:15",
        "17:45",
        "18:30",
        "18:30",
        "16:45",
        "21:00",
        "18:30",
        "19:00",
        "18:30",
        "17:30",
        "19:00",
        "19:15"
      ],
      "Reaching_Time": [
        "09:00",
        "07:25",
        "07:45",
        "07:30",
        "09:10",
        "08:15",
        "08:25",
        "06:50",
        "08:00",
        "07:00",
        "06:30",
        "07:45",
        "08:50",
        "07:30",
        "07:30",
        "09:00",
        "07:15",
        "08:10",
        "07:45",
        "09:15",
        "06:30",
        "07:45",
        "07:30",
        "07:00",
        "10:10",
        "07:30",
        "08:00",
        "07:45",
        "07:00",
        "09:00",
        "07:30"
      ],
      "Duration": [
        "13h 00m",
        "12h 40m",
        "13h 15m",
        "12h 45m",
        "13h 10m",
        "13h 15m",
        "12h 55m",
        "12h 50m",
        "12h 00m",
        "13h 00m",
        "12h 15m",
        "13h 15m",
        "12h 50m",
        "13h 00m",
        "12h 30m",
        "12h 00m",
        "13h 15m",
        "13h 10m",
        "12h 45m",
        "12h 00m",
        "12h 45m",
        "13h 15m",
        "13h 00m",
        "14h 15m",
        "13h 10m",
        "13h 00m",
        "13h 00m",
        "13h 15m",
        "13h 30m",
        "14h 00m",
        "12h 15m"
      ],
      "Star_Rating": [
        4.4,
        4.7,
        4.6,
        4.6,
        4.5,
        4.4,
        4.4,
        4.4,
        4.5,
        4.5,
        4.4,
        4.4,
        4.5,
        4.4,
        4.1,
        4.3,
        4.3,
        4.2,
        4.2,
        4.5,
        3.9,
        3.6,
        4.2,
        2.1,
        3.8,
        3.2,
        3.9,
        2.8,
        1.5,
        2.1,
        4.3
      ],
      "Seat_availability": [
        8,
        4,
        1,
        9,
        4,
        1,
        4,
        2,
        1,
        8,
        9,
        4,
        17,
        4,
        6,
        1,
        24,
        1,
        2,
        28,
        11,
        16,
        2,
        18,
        32,
        9,
        6,
        21,
        26,
        7,
        24
      ],
      "Price": [
        "500",
        "1800",
        "1200",
        "1600",
        "9",
        "1300",
        "9",
        "1600",
        "1500",
        "1500",
        "1200",
        "1500",
        "1200",
        "1500",
        "1999",
        "1200",
        "1499",
        "9",
        "1999",
        "1199",
        "950",
        "925",
        "2199",
        "1199",
        "5",
        "1200",
        "1000",
        "600",
        "600",
        "1499"
      ],
      "Reach_date": [
        "15-Aug",
        "15-Aug",
        "15-Aug",
        "15-Aug",
        "15-Aug",
        "15-Aug",
        "15-Aug",
        "15-Aug",
        "15-Aug",
        "15-Aug",
        "15-Aug",
        "15-Aug",
        "15-Aug",
        "15-Aug",
        "15-Aug",
        "15-Aug",
        "15-Aug",
        "15-Aug",
        "15-Aug",
        "15-Aug",
        "15-Aug",
        "15-Aug",
        "15-Aug",
        "15-Aug",
        "15-Aug",
        "15-Aug",
        "15-Aug",
        "15-Aug",
        "15-Aug",
        "15-Aug",
        "15-Aug"
      ]
    },
    "Government": {
      "Bus_Name": [
        "NBSTC-KOL-COB-R1-17:00",
        "NBSTC-KOL-SLG-R1-18:00",
        "SBSTC-KOLKATA - SILIGURI - VIA - MALDA - 20:00 (BEL DEPO - 3805",
        "Easy Ride",
        "Shyamoli Paribahan Pvt Ltd",
        "Lokenath Bus Service",
        "Express Line",
        "Shyamoli Paribahan Pvt Ltd",
        "Express Line",
        "Shyamoli Paribahan Pvt Ltd",
        "Lokenath Bus Service",
        "Greenline",
        "Lokenath Bus Service",
        "Greenline",
        "Shyamoli Paribahan Pvt Ltd",
        "Aitiana Airwings",
        "Rubi Paribahan",
        "Shyamoli Paribahan Pvt Ltd",
        "Rubi Paribahan",
        "Express Line",
        "Poulami Paribahan",
        "Lokenath Bus Service",
        "Lokenath Bus Service",
        "Modern Travels",
        "Express Line",
        "Aradhana Bus Service",
        "Express Line",
        "Royal Cruiser",
        "Greenline",
        "Maulik Paribahan",
        "Annesha Travels",
        "Maa Durga Bus Service",
        "Aitiana Airwings"
      ],
      "Bus_Type": [
        "Non AC Seater 2+2",
        "NON A/C Seater Push Back (2+2)",
        "Express (Non AC Seater 2+2)",
        "Volvo 9600 Multi-Axle A/C Sleeper (2+1)",
        "Volvo 9600 A/C Seater/Sleeper (2+1)",
        "Volvo 9600 Multi-Axle A/C Sleeper (2+1)",
        "Volvo Multi Axle A/C Sleeper I-Shift B11R (2+1)",
        "Volvo Multi-Axle A/C seater/sleeper (2+1)",
        "Volvo 9600 A/C Seater/Sleeper (2+1)",
        "Volvo 9600 Multi-Axle A/C Sleeper (2+1)",
        "Volvo Multi Axle B11R AC Seater\\Sleeper (2+1)",
        "Volvo Multi-Axle A/C Sleeper (2+1)",
        "Volvo Multi-Axle A/C Seater/Sleeper (2+1)",
        "Volvo 9600 Multi-Axle A/C Sleeper (2+1)",
        "Volvo Multi-Axle A/C Semi Sleeper (2+2)",
        "Volvo Multi-Axle Sleeper A/C (2+1)",
        "Volvo 9600 Multi-Axle A/C Sleeper (2+1)",
        "Scania Multi-Axle AC Semi Sleeper (2+2)",
        "Volvo Multi Axle B11R AC Seater\\Sleeper (2+1)",
        "Volvo Multi Axle A/C Sleeper I-Shift B11R (2+1)",
        "Volvo Multi-Axle A/C seater/sleeper (2+1)",
        "Volvo A/C B11R Multi Axle Semi Sleeper (2+2)",
        "A/C Seater / Sleeper (2+1)",
        "Bharat Benz A/C Seater /Sleeper (2+1)",
        "Volvo 9600 Multi-Axle A/C Sleeper (2+1)",
        "NON A/C Seater / Sleeper (2+2)",
        "Volvo 9600 Multi Axle Semi-Sleeper (2+2)",
        "Volvo A/C Seater (2+2)",
        "Volvo 9600 A/C Seater/Sleeper (2+1)",
        "A/C Seater / Sleeper (2+2)",
        "NON A/C Seater / Sleeper (2+2)",
        "NON A/C Seater / Sleeper (2+2)",
        "Volvo Multi-Axle Sleeper A/C (2+1)"
      ],
      "Departing_Time": [
        "17:00",
        "18:00",
        "20:00",
        "18:45",
        "18:30",
        "18:45",
        "20:00",
        "19:00",
        "19:30",
        "18:00",
        "20:00",
        "18:00",
        "18:15",
        "18:30",
        "20:00",
        "18:30",
        "19:00",
        "21:00",
        "18:00",
        "19:00",
        "19:00",
        "21:15",
        "17:45",
        "18:30",
        "18:30",
        "16:45",
        "21:00",
        "18:30",
        "19:00",
        "18:30",
        "17:30",
        "19:00",
        "19:15"
      ],
      "Reaching_Time": [
        "05:00",
        "06:00",
        "09:00",
        "07:25",
        "07:45",
        "07:30",
        "09:10",
        "08:15",
        "08:25",
        "06:50",
        "08:00",
        "07:00",
        "06:30",
        "07:45",
        "08:50",
        "07:30",
        "07:30",
        "09:00",
        "07:15",
        "08:10",
        "07:45",
        "09:15",
        "06:30",
        "07:45",
        "07:30",
        "07:00",
        "10:10",
        "07:30",
        "08:00",
        "07:45",
        "07:00",
        "09:00",
        "07:30"
      ],
      "Duration": [
        "12h 00m",
        "12h 00m",
        "13h 00m",
        "12h 40m",
        "13h 15m",
        "12h 45m",
        "13h 10m",
        "13h 15m",
        "12h 55m",
        "12h 50m",
        "12h 00m",
        "13h 00m",
        "12h 15m",
        "13h 15m",
        "12h 50m",
        "13h 00m",
        "12h 30m",
        "12h 00m",
        "13h 15m",
        "13h 10m",
        "12h 45m",
        "12h 00m",
        "12h 45m",
        "13h 15m",
        "13h 00m",
        "14h 15m",
        "13h 10m",
        "13h 00m",
        "13h 00m",
        "13h 15m",
        "13h 30m",
        "14h 00m",
        "12h 15m"
      ],
      "Star_Rating": [
        3.6,
        4.0,
        4.4,
        4.7,
        4.6,
        4.6,
        4.5,
        4.4,
        4.4,
        4.4,
        4.5,
        4.5,
        4.4,
        4.4,
        4.5,
        4.4,
        4.1,
        4.3,
        4.3,
        4.2,
        4.2,
        4.5,
        3.9,
        3.6,
        4.2,
        2.1,
        3.8,
        3.2,
        3.9,
        2.8,
        1.5,
        2.1,
        4.3
      ],
      "Seat_availability": [
        5,
        1,
        8,
        4,
        1,
        9,
        4,
        1,
        4,
        2,
        1,
        8,
        9,
        4,
        17,
        4,
        6,
        1,
        24,
        1,
        2,
        28,
        11,
        16,
        2,
        18,
        32,
        9,
        6,
        21,
        26,
        7,
        24
      ],
      "Price": [
        "486",
        "486",
        "500",
        "1800",
        "1200",
        "1600",
        "9",
        "1300",
        "9",
        "1600",
        "1500",
        "1500",
        "1200",
        "1500",
        "1200",
        "1500",
        "1999",
        "1200",
        "1499",
        "9",
        "1999",
        "1199",
        "950",
        "925",
        "2199",
        "1199",
        "5",
        "1200",
        "1000",
        "600",
        "600",
        "1499"
      ],
      "Reach_date": [
        "15-Aug",
        "15-Aug",
        "15-Aug",
        "15-Aug",
        "15-Aug",
        "15-Aug",
        "15-Aug",
        "15-Aug",
        "15-Aug",
        "15-Aug",
        "15-Aug",
        "15-Aug",
        "15-Aug",
        "15-Aug",
        "15-Aug",
        "15-Aug",
        "15-Aug",
        "15-Aug",
        "15-Aug",
        "15-Aug",
        "15-Aug",
        "15-Aug",
        "15-Aug",
        "15-Aug",
        "15-Aug",
        "15-Aug",
        "15-Aug",
        "15-Aug",
        "15-Aug",
        "15-Aug",
        "15-Aug",
        "15-Aug",
        "15-Aug"
      ]
    }
  },
  "Siliguri to Kolkata": {
    "Private": {
      "Bus_Name": [
        "Express Line",
        "Shyamoli Paribahan Pvt Ltd",
        "Greenline",
        "Joy chandi bus service",
        "Rubi Paribahan",
        "Shyamoli Paribahan Pvt Ltd",
        "Lokenath Bus Service",
        "Maa Durga Bus Service",
        "Maulik Paribahan",
        "Gopal Travels"
      ],
      "Bus_Type": [
        "Volvo 9600 Multi-Axle A/C Sleeper (2+1)",
        "Volvo 9600 A/C Seater/Sleeper (2+1)",
        "Volvo 9600 Multi-Axle A/C Sleeper (2+1)",
        "NON A/C Seater / Sleeper (2+2)",
        "Volvo 9600 Multi-Axle A/C Sleeper (2+1)",
        "Volvo Multi-Axle A/C seater/sleeper (2+1)",
        "Volvo Multi Axle B11R AC Seater\\Sleeper (2+1)",
        "NON A/C Seater / Sleeper (2+2)",
        "A/C Seater / Sleeper (2+2)",
        "A/C Seater / Sleeper (2+2)"
      ],
      "Departing_Time": [
        "18:30",
        "18:30",
        "18:30",
        "20:30",
        "19:00",
        "19:30",
        "20:30",
        "18:00",
        "18:30",
        "20:00"
      ],
      "Reaching_Time": [
        "07:10",
        "07:20",
        "07:30",
        "11:35",
        "07:30",
        "07:50",
        "08:30",
        "08:00",
        "06:00",
        "08:10"
      ],
      "Duration": [
        "12h 40m",
        "12h 50m",
        "13h 00m",
        "15h 05m",
        "12h 30m",
        "12h 20m",
        "12h 00m",
        "14h 00m",
        "11h 30m",
        "12h 10m"
      ],
      "Star_Rating": [
        4.6,
        4.5,
        4.4,
        4.5,
        4.3,
        4.1,
        3.0,
        1.7,
        2.5
      ],
      "Seat_availability": [
        2,
        3,
        4,
        68,
        3,
        2,
        4,
        12,
        27,
        65
      ],
      "Price": [
        "9",
        "1400",
        "1500",
        "550",
        "1499",
        "1700",
        "1600",
        "600",
        "1000",
        "1100"
      ],
      "Reach_date": [
        "15-Aug",
        "15-Aug",
        "15-Aug",
        "15-Aug",
        "15-Aug",
        "15-Aug",
        "15-Aug",
        "15-Aug",
        "15-Aug",
        "15-Aug"
      ]
    },
    "Government": {}
  },
  "Siliguri to Darjeeling": {
    "Private": {
      "Bus_Name": [],
      "Bus_Type": [],
      "Departing_Time": [],
      "Reaching_Time": [],
      "Duration": [],
      "Star_Rating": [],
      "Seat_availability": [],
      "Price": [],
      "Reach_date": []
    },
    "Government": {}
  },
  "Kolkata to Raiganj": {
    "Private": {
      "Bus_Name": [
        "Lokenath Bus Service",
        "Shyamoli Paribahan Pvt Ltd",
        "Express Line",
        "Shyamoli Paribahan Pvt Ltd",
        "Shyamoli Paribahan Pvt Ltd",
        "Poulami Paribahan",
        "Express Line",
        "Lokenath Bus Service",
        "Lokenath Bus Service",
        "Easy Ride",
        "Rubi Paribahan",
        "Shyamoli Paribahan Pvt Ltd",
        "Express Line",
        "Lokenath Bus Service",
        "Modern Travels",
        "Rubi Paribahan",
        "Shyamoli Paribahan Pvt Ltd",
        "Lokenath Bus Service",
        "Royal Cruiser",
        "Lokenath Bus Service",
        "Aradhana Bus Service",
        "Lokenath Bus Service",
        "Maa Durga Bus Service",
        "Maulik Paribahan"
      ],
      "Bus_Type": [
        "Volvo A/C Seater (2+2)",
        "Volvo Multi-Axle A/C seater/sleeper (2+1)",
        "Volvo Multi Axle A/C Sleeper I-Shift B11R (2+1)",
        "Volvo 9600 A/C Seater/Sleeper (2+1)",
        "Volvo 9600 Multi-Axle A/C Sleeper (2+1)",
        "Volvo Multi-Axle A/C seater/sleeper (2+1)",
        "Volvo 9600 A/C Seater/Sleeper (2+1)",
        "Volvo Multi Axle B11R AC Seater\\Sleeper (2+1)",
        "Volvo 9600 Multi-Axle A/C Sleeper (2+1)",
        "Volvo 9600 Multi-Axle A/C Sleeper (2+1)",
        "Volvo 9600 Multi-Axle A/C Sleeper (2+1)",
        "Volvo Multi-Axle A/C Semi Sleeper (2+2)",
        "Volvo Multi Axle A/C Sleeper I-Shift B11R (2+1)",
        "Volvo Multi-Axle A/C Seater/Sleeper (2+1)",
        "Bharat Benz A/C Seater /Sleeper (2+1)",
        "Volvo Multi Axle B11R AC Seater\\Sleeper (2+1)",
        "Scania Multi-Axle AC Semi Sleeper (2+2)",
        "A/C Seater / Sleeper (2+1)",
        "Volvo A/C Seater (2+2)",
        "Volvo A/C B11R Multi Axle Semi Sleeper (2+2)",
        "NON A/C Seater / Sleeper (2+2)",
        "NON A/C Seater / Sleeper (2+2)",
        "NON A/C Seater / Sleeper (2+2)",
        "A/C Seater / Sleeper (2+2)"
      ],
      "Departing_Time": [
        "21:00",
        "19:00",
        "20:00",
        "18:30",
        "18:00",
        "19:00",
        "19:30",
        "20:00",
        "18:45",
        "18:45",
        "19:00",
        "20:00",
        "19:00",
        "18:15",
        "18:30",
        "18:00",
        "21:00",
        "17:45",
        "18:30",
        "21:15",
        "16:45",
        "21:30",
        "19:00",
        "18:30"
      ],
      "Reaching_Time": [
        "06:30",
        "03:50",
        "06:50",
        "03:50",
        "04:50",
        "04:45",
        "06:00",
        "04:45",
        "05:00",
        "04:55",
        "04:45",
        "06:50",
        "05:50",
        "03:30",
        "04:15",
        "04:00",
        "05:20",
        "04:00",
        "04:30",
        "06:30",
        "03:30",
        "08:00",
        "06:15",
        "03:30"
      ],
      "Duration": [
        "09h 30m",
        "08h 50m",
        "10h 50m",
        "09h 20m",
        "10h 50m",
        "09h 45m",
        "10h 30m",
        "08h 45m",
        "10h 15m",
        "10h 10m",
        "09h 45m",
        "10h 50m",
        "10h 50m",
        "09h 15m",
        "09h 45m",
        "10h 00m",
        "08h 20m",
        "10h 15m",
        "10h 00m",
        "09h 15m",
        "10h 45m",
        "10h 30m",
        "11h 15m",
        "09h 00m"
      ],
      "Star_Rating": [
        4.3,
        4.8,
        4.6,
        4.3,
        4.6,
        4.6,
        4.0,
        5.0,
        4.1,
        4.8,
        4.1,
        4.4,
        4.9,
        3.9,
        4.3,
        4.6,
        3.9,
        2.9,
        2.6,
        4.3,
        2.4,
        2.6,
        2.4,
        2.2
      ],
      "Seat_availability": [
        6,
        1,
        4,
        3,
        2,
        2,
        4,
        1,
        9,
        14,
        6,
        17,
        1,
        8,
        16,
        27,
        9,
        13,
        9,
        29,
        18,
        10,
        12,
        51
      ],
      "Price": [
        "5",
        "1300",
        "9",
        "1200",
        "1600",
        "1799",
        "9",
        "1500",
        "1600",
        "1800",
        "1999",
        "1200",
        "9",
        "1200",
        "925",
        "1499",
        "1200",
        "950",
        "1199",
        "500",
        "600",
        "1000"
      ],
      "Reach_date": [
        "15-Aug",
        "15-Aug",
        "15-Aug",
        "15-Aug",
        "15-Aug",
        "15-Aug",
        "15-Aug",
        "15-Aug",
        "15-Aug",
        "15-Aug",
        "15-Aug",
        "15-Aug",
        "15-Aug",
        "15-Aug",
        "15-Aug",
        "15-Aug",
        "15-Aug",
        "15-Aug",
        "15-Aug",
        "15-Aug",
        "15-Aug",
        "15-Aug",
        "15-Aug",
        "15-Aug"
      ]
    },
    "Government": {
      "Bus_Name": [
        "NBSTC-KOL-COB-R1-17:00",
        "NBSTC-KOL-SLG-R1-18:00",
        "NBSTC-KOL-RAI-R1-20:30",
        "Lokenath Bus Service",
        "Shyamoli Paribahan Pvt Ltd",
        "Express Line",
        "Shyamoli Paribahan Pvt Ltd",
        "Shyamoli Paribahan Pvt Ltd",
        "Poulami Paribahan",
        "Express Line",
        "Lokenath Bus Service",
        "Lokenath Bus Service",
        "Easy Ride",
        "Rubi Paribahan",
        "Shyamoli Paribahan Pvt Ltd",
        "Express Line",
        "Lokenath Bus Service",
        "Modern Travels",
        "Rubi Paribahan",
        "Shyamoli Paribahan Pvt Ltd",
        "Lokenath Bus Service",
        "Royal Cruiser",
        "Lokenath Bus Service",
        "Aradhana Bus Service",
        "Lokenath Bus Service",
        "Maa Durga Bus Service",
        "Maulik Paribahan"
      ],
      "Bus_Type": [
        "Non AC Seater 2+2",
        "NON A/C Seater Push Back (2+2)",
        "NON A/C Seater Push Back (2+2)",
        "Volvo A/C Seater (2+2)",
        "Volvo Multi-Axle A/C seater/sleeper (2+1)",
        "Volvo Multi Axle A/C Sleeper I-Shift B11R (2+1)",
        "Volvo 9600 A/C Seater/Sleeper (2+1)",
        "Volvo 9600 Multi-Axle A/C Sleeper (2+1)",
        "Volvo Multi-Axle A/C seater/sleeper (2+1)",
        "Volvo 9600 A/C Seater/Sleeper (2+1)",
        "Volvo Multi Axle B11R AC Seater\\Sleeper (2+1)",
        "Volvo 9600 Multi-Axle A/C Sleeper (2+1)",
        "Volvo 9600 Multi-Axle A/C Sleeper (2+1)",
        "Volvo 9600 Multi-Axle A/C Sleeper (2+1)",
        "Volvo Multi-Axle A/C Semi Sleeper (2+2)",
        "Volvo Multi Axle A/C Sleeper I-Shift B11R (2+1)",
        "Volvo Multi-Axle A/C Seater/Sleeper (2+1)",
        "Bharat Benz A/C Seater /Sleeper (2+1)",
        "Volvo Multi Axle B11R AC Seater\\Sleeper (2+1)",
        "Scania Multi-Axle AC Semi Sleeper (2+2)",
        "A/C Seater / Sleeper (2+1)",
        "Volvo A/C Seater (2+2)",
        "Volvo A/C B11R Multi Axle Semi Sleeper (2+2)",
        "NON A/C Seater / Sleeper (2+2)",
        "NON A/C Seater / Sleeper (2+2)",
        "NON A/C Seater / Sleeper (2+2)",
        "A/C Seater / Sleeper (2+2)"
      ],
      "Departing_Time": [
        "17:00",
        "18:00",
        "20:45",
        "21:00",
        "19:00",
        "20:00",
        "18:30",
        "18:00",
        "19:00",
        "19:30",
        "20:00",
        "18:45",
        "18:45",
        "19:00",
        "20:00",
        "19:00",
        "18:15",
        "18:30",
        "18:00",
        "21:00",
        "17:45",
        "18:30",
        "21:15",
        "16:45",
        "21:30",
        "19:00",
        "18:30"
      ],
      "Reaching_Time": [
        "00:30",
        "03:00",
        "06:45",
        "06:30",
        "03:50",
        "06:50",
        "03:50",
        "04:50",
        "04:45",
        "06:00",
        "04:45",
        "05:00",
        "04:55",
        "04:45",
        "06:50",
        "05:50",
        "03:30",
        "04:15",
        "04:00",
        "05:20",
        "04:00",
        "04:30",
        "06:30",
        "03:30",
        "08:00",
        "06:15",
        "03:30"
      ],
      "Duration": [
        "07h 30m",
        "09h 00m",
        "10h 00m",
        "09h 30m",
        "08h 50m",
        "10h 50m",
        "09h 20m",
        "10h 50m",
        "09h 45m",
        "10h 30m",
        "08h 45m",
        "10h 15m",
        "10h 10m",
        "09h 45m",
        "10h 50m",
        "10h 50m",
        "09h 15m",
        "09h 45m",
        "10h 00m",
        "08h 20m",
        "10h 15m",
        "10h 00m",
        "09h 15m",
        "10h 45m",
        "10h 30m",
        "11h 15m",
        "09h 00m"
      ],
      "Star_Rating": [
        3.4,
        4.4,
        3.8,
        4.3,
        4.8,
        4.6,
        4.3,
        4.6,
        4.6,
        4.0,
        5.0,
        4.1,
        4.8,
        4.1,
        4.4,
        4.9,
        3.9,
        4.3,
        4.6,
        3.9,
        2.9,
        2.6,
        4.3,
        2.4,
        2.6,
        2.4,
        2.2
      ],
      "Seat_availability": [
        5,
        1,
        11,
        6,
        1,
        4,
        3,
        2,
        2,
        4,
        1,
        9,
        14,
        6,
        17,
        1,
        8,
        16,
        27,
        9,
        13,
        9,
        29,
        18,
        10,
        12,
        51
      ],
      "Price": [
        "341",
        "341",
        "341",
        "5",
        "1300",
        "9",
        "1200",
        "1600",
        "1799",
        "9",
        "1500",
        "1600",
        "1800",
        "1999",
        "1200",
        "9",
        "1200",
        "925",
        "1499",
        "1200",
        "950",
        "1199",
        "500",
        "600",
        "1000"
      ],
      "Reach_date": [
        "15-Aug",
        "15-Aug",
        "15-Aug",
        "15-Aug",
        "15-Aug",
        "15-Aug",
        "15-Aug",
        "15-Aug",
        "15-Aug",
        "15-Aug",
        "15-Aug",
        "15-Aug",
        "15-Aug",
        "15-Aug",
        "15-Aug",
        "15-Aug",
        "15-Aug",
        "15-Aug",
        "15-Aug",
        "15-Aug",
        "15-Aug",
        "15-Aug",
        "15-Aug",
        "15-Aug",
        "15-Aug",
        "15-Aug",
        "15-Aug"
      ]
    }
  },
  "Raiganj to Kolkata": {
    "Private": {
      "Bus_Name": [
        "NBSTC-RAI-KOL-R1-19:30",
        "Lokenath Bus Service",
        "Express Line",
        "Shyamoli Paribahan Pvt Ltd",
        "Shyamoli Paribahan Pvt Ltd",
        "Rubi Paribahan",
        "Easy Ride",
        "Lokenath Bus Service",
        "Aradhana Bus Service",
        "Maa Durga Bus Service",
        "Maulik Paribahan"
      ],
      "Bus_Type": [
        "NON A/C Seater Push Back (2+2)",
        "Volvo A/C Seater (2+2)",
        "Volvo 9600 Multi-Axle A/C Sleeper (2+1)",
        "Volvo 9600 A/C Seater/Sleeper (2+1)",
        "Volvo Multi-Axle A/C seater/sleeper (2+1)",
        "Volvo 9600 Multi-Axle A/C Sleeper (2+1)",
        "Volvo 9600 Multi-Axle A/C Sleeper (2+1)",
        "NON A/C Seater / Sleeper (2+2)",
        "NON A/C Seater / Sleeper (2+2)",
        "Non AC Seater (2+2)",
        "A/C Seater / Sleeper (2+2)"
      ],
      "Departing_Time": [
        "20:30",
        "20:50",
        "22:15",
        "22:15",
        "23:15",
        "23:30",
        "22:45",
        "19:45",
        "19:15",
        "23:00",
        "22:15"
      ],
      "Reaching_Time": [
        "06:30",
        "06:30",
        "07:10",
        "07:20",
        "07:50",
        "07:30",
        "07:25",
        "07:00",
        "06:30",
        "08:00",
        "06:00"
      ],
      "Duration": [
        "10h 00m",
        "09h 40m",
        "08h 55m",
        "09h 05m",
        "08h 35m",
        "08h 00m",
        "08h 40m",
        "11h 15m",
        "11h 15m",
        "09h 00m",
        "07h 45m"
      ],
      "Star_Rating": [
        4.1,
        4.4,
        4.6,
        4.8,
        4.6,
        4.7,
        4.7,
        2.6,
        2.4,
        2.4,
        2.2
      ],
      "Seat_availability": [
        22,
        13,
        2,
        3,
        9,
        6,
        3,
        12,
        33,
        14,
        29
      ],
      "Price": [
        "341",
        "9",
        "1400",
        "1500",
        "1499",
        "1500",
        "500",
        "600",
        "1000"
      ],
      "Reach_date": [
        "15-Aug",
        "15-Aug",
        "15-Aug",
        "15-Aug",
        "15-Aug",
        "15-Aug",
        "15-Aug",
        "15-Aug",
        "15-Aug",
        "15-Aug",
        "15-Aug"
      ]
    },
    "Government": {}
  },
  "Kolkata to Malda": {
    "Private": {
      "Bus_Name": [
        "SBSTC-KOLKATA - SILIGURI - VIA - MALDA - 20:00 (BEL DEPO - 3805",
        "Express Line",
        "Lokenath Bus Service",
        "Shyamoli Paribahan Pvt Ltd",
        "Rubi Paribahan",
        "Lokenath Bus Service",
        "Shyamoli Paribahan Pvt Ltd",
        "Shyamoli Paribahan Pvt Ltd",
        "Express Line",
        "Lokenath Bus Service",
        "Express Line",
        "New Dolphin Travels",
        "Sonar Tori",
        "Padmanabha Paribahan",
        "Easy Ride",
        "Shyamoli Paribahan Pvt Ltd",
        "Rubi Paribahan",
        "Lokenath Bus Service",
        "Poulami Paribahan",
        "Shyamoli Paribahan Pvt Ltd",
        "Wasim Travels",
        "Royal Cruiser",
        "Lokenath Bus Service",
        "Wasim Travels",
        "Swarnali Paribahan",
        "Express Line",
        "Lokenath Bus Service",
        "Lokenath Bus Service",
        "Rubi Paribahan",
        "Aradhana Bus Service",
        "Aitiana Airwings",
        "Aitiana Airwings",
        "Modern Travels",
        "Maa Durga Bus Service",
        "Maulik Paribahan"
      ],
      "Bus_Type": [
        "Express (Non AC Seater 2+2)",
        "Volvo 9600 Multi Axle Semi-Sleeper (2+2)",
        "Volvo A/C Seater (2+2)",
        "Scania Multi-Axle AC Semi Sleeper (2+2)",
        "Volvo 9600 A/C Seater/Sleeper (2+1)",
        "Volvo 9600 Multi-Axle A/C Sleeper (2+1)",
        "Volvo 9600 Multi-Axle A/C Sleeper (2+1)",
        "Volvo Multi-Axle A/C seater/sleeper (2+1)",
        "Volvo Multi Axle A/C Sleeper I-Shift B11R (2+1)",
        "Volvo Multi Axle B11R AC Seater\\Sleeper (2+1)",
        "Volvo 9600 A/C Seater/Sleeper (2+1)",
        "NON A/C Seater / Sleeper (2+2)",
        "A/C Seater / Sleeper (2+2)",
        "A/C Seater / Sleeper (2+2)",
        "Volvo 9600 Multi-Axle A/C Sleeper (2+1)",
        "Volvo Multi-Axle A/C Semi Sleeper (2+2)",
        "Volvo 9600 Multi-Axle A/C Sleeper (2+1)",
        "Volvo Multi-Axle A/C Seater/Sleeper (2+1)",
        "Volvo Multi-Axle A/C seater/sleeper (2+1)",
        "Scania Multi-Axle AC Semi Sleeper (2+2)",
        "NON A/C Seater / Sleeper (2+2)",
        "Volvo A/C Seater (2+2)",
        "NON A/C Seater / Sleeper (2+2)",
        "NON A/C Seater / Sleeper (2+2)",
        "NON A/C Seater Push Back (2+2)",
        "Volvo Multi Axle A/C Sleeper I-Shift B11R (2+1)",
        "Volvo A/C B11R Multi Axle Semi Sleeper (2+2)",
        "A/C Seater / Sleeper (2+1)",
        "Volvo Multi Axle B11R AC Seater\\Sleeper (2+1)",
        "NON A/C Seater / Sleeper (2+2)",
        "Volvo Multi-Axle Sleeper A/C (2+1)",
        "Volvo Multi-Axle Sleeper A/C (2+1)",
        "Bharat Benz A/C Seater /Sleeper (2+1)",
        "NON A/C Seater / Sleeper (2+2)",
        "A/C Seater / Sleeper (2+2)"
      ],
      "Departing_Time": [
        "20:00",
        "19:45",
        "21:00",
        "20:00",
        "20:30",
        "18:45",
        "18:00",
        "19:00",
        "20:00",
        "20:00",
        "19:30",
        "17:30",
        "19:45",
        "20:00",
        "18:45",
        "20:00",
        "19:00",
        "18:15",
        "19:00",
        "21:00",
        "22:00",
        "18:30",
        "21:30",
        "22:30",
        "19:30",
        "19:00",
        "21:15",
        "17:45",
        "18:00",
        "16:45",
        "19:15",
        "18:30",
        "18:30",
        "19:00",
        "18:30"
      ],
      "Reaching_Time": [
        "00:00",
        "04:30",
        "05:15",
        "04:30",
        "03:10",
        "03:30",
        "02:50",
        "03:20",
        "04:50",
        "03:45",
        "04:00",
        "04:00",
        "04:45",
        "03:30",
        "03:45",
        "04:50",
        "03:15",
        "02:30",
        "03:00",
        "04:30",
        "07:00",
        "02:35",
        "06:10",
        "07:30",
        "05:30",
        "03:50",
        "05:00",
        "02:20",
        "02:30",
        "02:00",
        "03:15",
        "03:15",
        "02:30",
        "05:30",
        "03:20"
      ],
      "Duration": [
        "04h 00m",
        "08h 45m",
        "08h 15m",
        "08h 30m",
        "06h 40m",
        "08h 45m",
        "08h 50m",
        "08h 20m",
        "08h 50m",
        "07h 45m",
        "08h 30m",
        "10h 30m",
        "09h 00m",
        "07h 30m",
        "09h 00m",
        "08h 50m",
        "08h 15m",
        "08h 15m",
        "08h 00m",
        "07h 30m",
        "09h 00m",
        "08h 05m",
        "08h 40m",
        "09h 00m",
        "10h 00m",
        "08h 50m",
        "07h 45m",
        "08h 35m",
        "08h 30m",
        "09h 15m",
        "08h 00m",
        "08h 45m",
        "08h 00m",
        "10h 30m",
        "08h 50m"
      ],
      "Star_Rating": [
        3.0,
        4.5,
        4.5,
        4.2,
        4.3,
        4.8,
        5.0,
        4.4,
        4.1,
        4.0,
        3.8,
        3.6,
        2.9,
        2.3,
        4.7,
        4.3,
        4.3,
        4.7,
        3.8,
        3.0,
        2.3,
        1.9,
        2.7,
        1.1,
        1.6,
        4.5,
        4.5,
        4.5,
        4.3,
        2.4,
        4.1,
        4.1,
        3.6,
        2.4,
        2.2
      ],
      "Seat_availability": [
        8,
        10,
        6,
        15,
        7,
        9,
        2,
        1,
        4,
        1,
        4,
        6,
        10,
        15,
        6,
        17,
        6,
        8,
        2,
        4,
        12,
        9,
        10,
        10,
        26,
        2,
        28,
        14,
        27,
        18,
        24,
        4,
        16,
        8,
        23
      ],
      "Price": [
        "290",
        "899",
        "950",
        "880",
        "1600",
        "1600",
        "1300",
        "9",
        "1500",
        "9",
        "1800",
        "1200",
        "1999",
        "1200",
        "1700",
        "1200",
        "455",
        "350",
        "455",
        "320",
        "9",
        "899",
        "750",
        "1499",
        "1499",
        "1500",
        "925",
        "600",
        "1000"
      ],
      "Reach_date": [
        "15-Aug",
        "15-Aug",
        "15-Aug",
        "15-Aug",
        "15-Aug",
        "15-Aug",
        "15-Aug",
        "15-Aug",
        "15-Aug",
        "15-Aug",
        "15-Aug",
        "15-Aug",
        "15-Aug",
        "15-Aug",
        "15-Aug",
        "15-Aug",
        "15-Aug",
        "15-Aug",
        "15-Aug",
        "15-Aug",
        "15-Aug",
        "15-Aug",
        "15-Aug",
        "15-Aug",
        "15-Aug",
        "15-Aug",
        "15-Aug",
        "15-Aug",
        "15-Aug",
        "15-Aug",
        "15-Aug",
        "15-Aug",
        "15-Aug",
        "15-Aug",
        "15-Aug"
      ]
    },
    "Government": {
      "Bus_Name": [
        "NBSTC-KOL-COB-R1-17:00",
        "NBSTC-KOL-SLG-R1-18:00",
        "NBSTC-KOL-BLG-R1-19:30",
        "NBSTC-KOL-RAI-R1-20:30",
        "SBSTC-KOLKATA - SILIGURI - VIA - MALDA - 20:00 (BEL DEPO - 3805",
        "Express Line",
        "Lokenath Bus Service",
        "Shyamoli Paribahan Pvt Ltd",
        "Rubi Paribahan",
        "Lokenath Bus Service",
        "Shyamoli Paribahan Pvt Ltd",
        "Shyamoli Paribahan Pvt Ltd",
        "Express Line",
        "Lokenath Bus Service",
        "Express Line",
        "New Dolphin Travels",
        "Sonar Tori",
        "Padmanabha Paribahan",
        "Easy Ride",
        "Shyamoli Paribahan Pvt Ltd",
        "Rubi Paribahan",
        "Lokenath Bus Service",
        "Poulami Paribahan",
        "Shyamoli Paribahan Pvt Ltd",
        "Wasim Travels",
        "Royal Cruiser",
        "Lokenath Bus Service",
        "Wasim Travels",
        "Swarnali Paribahan",
        "Express Line",
        "Lokenath Bus Service",
        "Lokenath Bus Service",
        "Rubi Paribahan",
        "Aradhana Bus Service",
        "Aitiana Airwings",
        "Aitiana Airwings",
        "Modern Travels",
        "Maa Durga Bus Service",
        "Maulik Paribahan"
      ],
      "Bus_Type": [
        "Non AC Seater 2+2",
        "NON A/C Seater Push Back (2+2)",
        "NON A/C Seater Push Back (2+2)",
        "NON A/C Seater Push Back (2+2)",
        "Express (Non AC Seater 2+2)",
        "Volvo 9600 Multi Axle Semi-Sleeper (2+2)",
        "Volvo A/C Seater (2+2)",
        "Scania Multi-Axle AC Semi Sleeper (2+2)",
        "Volvo 9600 A/C Seater/Sleeper (2+1)",
        "Volvo 9600 Multi-Axle A/C Sleeper (2+1)",
        "Volvo 9600 Multi-Axle A/C Sleeper (2+1)",
        "Volvo Multi-Axle A/C seater/sleeper (2+1)",
        "Volvo Multi Axle A/C Sleeper I-Shift B11R (2+1)",
        "Volvo Multi Axle B11R AC Seater\\Sleeper (2+1)",
        "Volvo 9600 A/C Seater/Sleeper (2+1)",
        "NON A/C Seater / Sleeper (2+2)",
        "A/C Seater / Sleeper (2+2)",
        "A/C Seater / Sleeper (2+2)",
        "Volvo 9600 Multi-Axle A/C Sleeper (2+1)",
        "Volvo Multi-Axle A/C Semi Sleeper (2+2)",
        "Volvo 9600 Multi-Axle A/C Sleeper (2+1)",
        "Volvo Multi-Axle A/C Seater/Sleeper (2+1)",
        "Volvo Multi-Axle A/C seater/sleeper (2+1)",
        "Scania Multi-Axle AC Semi Sleeper (2+2)",
        "NON A/C Seater / Sleeper (2+2)",
        "Volvo A/C Seater (2+2)",
        "NON A/C Seater / Sleeper (2+2)",
        "NON A/C Seater / Sleeper (2+2)",
        "NON A/C Seater Push Back (2+2)",
        "Volvo Multi Axle A/C Sleeper I-Shift B11R (2+1)",
        "Volvo A/C B11R Multi Axle Semi Sleeper (2+2)",
        "A/C Seater / Sleeper (2+1)",
        "Volvo Multi Axle B11R AC Seater\\Sleeper (2+1)",
        "NON A/C Seater / Sleeper (2+2)",
        "Volvo Multi-Axle Sleeper A/C (2+1)",
        "Volvo Multi-Axle Sleeper A/C (2+1)",
        "Bharat Benz A/C Seater /Sleeper (2+1)",
        "NON A/C Seater / Sleeper (2+2)",
        "A/C Seater / Sleeper (2+2)"
      ],
      "Departing_Time": [
        "17:00",
        "18:00",
        "19:45",
        "20:45",
        "20:00",
        "19:45",
        "21:00",
        "20:00",
        "20:30",
        "18:45",
        "18:00",
        "19:00",
        "20:00",
        "20:00",
        "19:30",
        "17:30",
        "19:45",
        "20:00",
        "18:45",
        "20:00",
        "19:00",
        "18:15",
        "19:00",
        "21:00",
        "22:00",
        "18:30",
        "21:30",
        "22:30",
        "19:30",
        "19:00",
        "21:15",
        "17:45",
        "18:00",
        "16:45",
        "19:15",
        "18:30",
        "18:30",
        "19:00",
        "18:30"
      ],
      "Reaching_Time": [
        "01:17",
        "23:15",
        "05:15",
        "03:45",
        "00:00",
        "04:30",
        "05:15",
        "04:30",
        "03:10",
        "03:30",
        "02:50",
        "03:20",
        "04:50",
        "03:45",
        "04:00",
        "04:00",
        "04:45",
        "03:30",
        "03:45",
        "04:50",
        "03:15",
        "02:30",
        "03:00",
        "04:30",
        "07:00",
        "02:35",
        "06:10",
        "07:30",
        "05:30",
        "03:50",
        "05:00",
        "02:20",
        "02:30",
        "02:00",
        "03:15",
        "03:15",
        "02:30",
        "05:30",
        "03:20"
      ],
      "Duration": [
        "08h 17m",
        "05h 15m",
        "09h 30m",
        "07h 00m",
        "04h 00m",
        "08h 45m",
        "08h 15m",
        "08h 30m",
        "06h 40m",
        "08h 45m",
        "08h 50m",
        "08h 20m",
        "08h 50m",
        "07h 45m",
        "08h 30m",
        "10h 30m",
        "09h 00m",
        "07h 30m",
        "09h 00m",
        "08h 50m",
        "08h 15m",
        "08h 15m",
        "08h 00m",
        "07h 30m",
        "09h 00m",
        "08h 05m",
        "08h 40m",
        "09h 00m",
        "10h 00m",
        "08h 50m",
        "07h 45m",
        "08h 35m",
        "08h 30m",
        "09h 15m",
        "08h 00m",
        "08h 45m",
        "08h 00m",
        "10h 30m",
        "08h 50m"
      ],
      "Star_Rating": [
        3.4,
        3.0,
        3.5,
        3.4,
        3.0,
        4.5,
        4.5,
        4.2,
        4.3,
        4.8,
        5.0,
        4.4,
        4.1,
        4.0,
        3.8,
        3.6,
        2.9,
        2.3,
        4.7,
        4.3,
        4.3,
        4.7,
        3.8,
        3.0,
        2.3,
        1.9,
        2.7,
        1.1,
        1.6,
        4.5,
        4.5,
        4.5,
        4.3,
        2.4,
        4.1,
        4.1,
        3.6,
        2.4,
        2.2
      ],
      "Seat_availability": [
        5,
        9,
        11,
        8,
        10,
        6,
        15,
        7,
        9,
        2,
        1,
        4,
        1,
        4,
        6,
        10,
        15,
        6,
        17,
        6,
        8,
        2,
        4,
        12,
        9,
        10,
        10,
        26,
        2,
        28,
        14,
        27,
        18,
        24,
        4,
        16,
        8,
        23
      ],
      "Price": [
        "281",
        "281",
        "281",
        "280",
        "290",
        "899",
        "950",
        "880",
        "1600",
        "1600",
        "1300",
        "9",
        "1500",
        "9",
        "1800",
        "1200",
        "1999",
        "1200",
        "1700",
        "1200",
        "455",
        "350",
        "455",
        "320",
        "9",
        "899",
        "750",
        "1499",
        "1499",
        "1500",
        "925",
        "600",
        "1000"
      ],
      "Reach_date": [
        "15-Aug",
        "15-Aug",
        "15-Aug",
        "15-Aug",
        "15-Aug",
        "15-Aug",
        "15-Aug",
        "15-Aug",
        "15-Aug",
        "15-Aug",
        "15-Aug",
        "15-Aug",
        "15-Aug",
        "15-Aug",
        "15-Aug",
        "15-Aug",
        "15-Aug",
        "15-Aug",
        "15-Aug",
        "15-Aug",
        "15-Aug",
        "15-Aug",
        "15-Aug",
        "15-Aug",
        "15-Aug",
        "15-Aug",
        "15-Aug",
        "15-Aug",
        "15-Aug",
        "15-Aug",
        "15-Aug",
        "15-Aug",
        "15-Aug",
        "15-Aug",
        "15-Aug",
        "15-Aug",
        "15-Aug",
        "15-Aug"
      ]
    }
  },
  "Cooch Behar (West Bengal) to Berhampore (West Bengal)": {
    "Private": {
      "Bus_Name": [
        "NBSTC-COB-BHP-R1-19:00",
        "Upasana Transport"
      ],
      "Bus_Type": [
        "Non AC Seater 2+2",
        "NON A/C Seater / Sleeper (2+2)"
      ],
      "Departing_Time": [
        "19:00",
        "17:00"
      ],
      "Reaching_Time": [
        "07:30",
        "06:40"
      ],
      "Duration": [
        "12h 30m",
        "13h 40m"
      ],
      "Star_Rating": [
        4.3,
        3.1
      ],
      "Seat_availability": [
        14,
        14
      ],
      "Price": [
        "448",
        "600"
      ],
      "Reach_date": [
        "15-Aug",
        "15-Aug"
      ]
    },
    "Government": {}
  },
  "Kolkata to Cooch Behar (West Bengal)": {
    "Private": {
      "Bus_Name": [
        "NBSTC-KOL-COB-R1-17:00"
      ],
      "Bus_Type": [
        "Non AC Seater 2+2"
      ],
      "Departing_Time": [
        "17:00"
      ],
      "Reaching_Time": [
        "08:00"
      ],
      "Duration": [
        "15h 00m"
      ],
      "Star_Rating": [
        3.5
      ],
      "Seat_availability": [
        5
      ],
      "Price": [
        "608"
      ],
      "Reach_date": [
        "15-Aug"
      ]
    },
    "Government": {}
  },
  "Malda to Kolkata": {
    "Private": {
      "Bus_Name": [
        "Express Line",
        "Express Line",
        "Shyamoli Paribahan Pvt Ltd",
        "Lokenath Bus Service",
        "Rubi Paribahan",
        "New Dolphin Travels",
        "Padmanabha Paribahan",
        "Sonar Tori",
        "Jio Dolphin Travels",
        "Jio Dolphin Travels",
        "Swarnali Paribahan",
        "Lokenath Bus Service",
        "Shree Krishna Travels",
        "Aradhana Bus Service",
        "Wasim Travels",
        "Renuka Travels"
      ],
      "Bus_Type": [
        "Volvo 9600 A/C Seater/Sleeper (2+1)",
        "Volvo 9600 Multi-Axle A/C Sleeper (2+1)",
        "Scania Multi-Axle AC Semi Sleeper (2+2)",
        "Volvo A/C Seater (2+2)",
        "Volvo 9600 A/C Seater/Sleeper (2+1)",
        "NON A/C Seater / Sleeper (2+2)",
        "A/C Seater / Sleeper (2+2)",
        "A/C Seater / Sleeper (2+2)",
        "NON A/C Seater / Sleeper (2+2)",
        "VE A/C Seater / Sleeper (2+2)",
        "NON A/C Seater Push Back (2+2)",
        "NON A/C Seater / Sleeper (2+2)",
        "NON A/C Seater / Sleeper (2+2)",
        "NON A/C Seater / Sleeper (2+2)",
        "NON A/C Seater / Sleeper (2+2)",
        "NON A/C Seater / Sleeper (2+2)"
      ],
      "Departing_Time": [
        "22:00",
        "23:30",
        "22:00",
        "22:35",
        "21:50",
        "22:45",
        "22:10",
        "22:20",
        "21:54",
        "22:20",
        "22:30",
        "22:30",
        "22:00",
        "21:30",
        "19:30",
        "21:30"
      ],
      "Reaching_Time": [
        "05:00",
        "07:10",
        "05:00",
        "06:30",
        "04:30",
        "06:30",
        "07:00",
        "06:30",
        "06:00",
        "06:00",
        "06:00",
        "07:00",
        "06:00",
        "06:30",
        "05:00",
        "06:30"
      ],
      "Duration": [
        "07h 00m",
        "07h 40m",
        "07h 00m",
        "07h 55m",
        "06h 40m",
        "07h 45m",
        "08h 50m",
        "08h 10m",
        "08h 06m",
        "07h 40m",
        "07h 30m",
        "08h 30m",
        "08h 00m",
        "09h 00m",
        "09h 30m",
        "09h 00m"
      ],
      "Star_Rating": [
        4.5,
        4.7,
        4.4,
        4.4,
        4.2,
        3.7,
        3.4,
        3.1,
        2.9,
        2.5,
        1.9,
        2.4,
        2.1,
        2.4,
        1.6,
        1.5
      ],
      "Seat_availability": [
        11,
        2,
        26,
        14,
        17,
        26,
        37,
        37,
        20,
        48,
        25,
        12,
        20,
        33,
        12,
        40
      ],
      "Price": [
        "749",
        "9",
        "650",
        "849",
        "290",
        "280",
        "350",
        "455",
        "350"
      ],
      "Reach_date": [
        "15-Aug",
        "15-Aug",
        "15-Aug",
        "15-Aug",
        "15-Aug",
        "15-Aug",
        "15-Aug",
        "15-Aug",
        "15-Aug",
        "15-Aug",
        "15-Aug",
        "15-Aug",
        "15-Aug",
        "15-Aug",
        "15-Aug",
        "15-Aug"
      ]
    },
    "Government": {
      "Bus_Name": [
        "NBSTC-BLG-KOL-R1-18:30",
        "NBSTC-RAI-KOL-R1-19:30",
        "Express Line",
        "Express Line",
        "Shyamoli Paribahan Pvt Ltd",
        "Lokenath Bus Service",
        "Rubi Paribahan",
        "New Dolphin Travels",
        "Padmanabha Paribahan",
        "Sonar Tori",
        "Jio Dolphin Travels",
        "Jio Dolphin Travels",
        "Swarnali Paribahan",
        "Lokenath Bus Service",
        "Shree Krishna Travels",
        "Aradhana Bus Service",
        "Wasim Travels",
        "Renuka Travels"
      ],
      "Bus_Type": [
        "NON A/C Seater Push Back (2+2)",
        "NON A/C Seater Push Back (2+2)",
        "Volvo 9600 A/C Seater/Sleeper (2+1)",
        "Volvo 9600 Multi-Axle A/C Sleeper (2+1)",
        "Scania Multi-Axle AC Semi Sleeper (2+2)",
        "Volvo A/C Seater (2+2)",
        "Volvo 9600 A/C Seater/Sleeper (2+1)",
        "NON A/C Seater / Sleeper (2+2)",
        "A/C Seater / Sleeper (2+2)",
        "A/C Seater / Sleeper (2+2)",
        "NON A/C Seater / Sleeper (2+2)",
        "VE A/C Seater / Sleeper (2+2)",
        "NON A/C Seater Push Back (2+2)",
        "NON A/C Seater / Sleeper (2+2)",
        "NON A/C Seater / Sleeper (2+2)",
        "NON A/C Seater / Sleeper (2+2)",
        "NON A/C Seater / Sleeper (2+2)",
        "NON A/C Seater / Sleeper (2+2)"
      ],
      "Departing_Time": [
        "20:45",
        "21:40",
        "22:00",
        "23:30",
        "22:00",
        "22:35",
        "21:50",
        "22:45",
        "22:10",
        "22:20",
        "21:54",
        "22:20",
        "22:30",
        "22:30",
        "22:00",
        "21:30",
        "19:30",
        "21:30"
      ],
      "Reaching_Time": [
        "06:00",
        "06:30",
        "05:00",
        "07:10",
        "05:00",
        "06:30",
        "04:30",
        "06:30",
        "07:00",
        "06:30",
        "06:00",
        "06:00",
        "06:00",
        "07:00",
        "06:00",
        "06:30",
        "05:00",
        "06:30"
      ],
      "Duration": [
        "09h 15m",
        "08h 50m",
        "07h 00m",
        "07h 40m",
        "07h 00m",
        "07h 55m",
        "06h 40m",
        "07h 45m",
        "08h 50m",
        "08h 10m",
        "08h 06m",
        "07h 40m",
        "07h 30m",
        "08h 30m",
        "08h 00m",
        "09h 00m",
        "09h 30m",
        "09h 00m"
      ],
      "Star_Rating": [
        4.3,
        4.0,
        4.5,
        4.7,
        4.4,
        4.4,
        4.2,
        3.7,
        3.4,
        3.1,
        2.9,
        2.5,
        1.9,
        2.4,
        2.1,
        2.4,
        1.6,
        1.5
      ],
      "Seat_availability": [
        13,
        23,
        11,
        2,
        26,
        14,
        17,
        26,
        37,
        37,
        20,
        48,
        25,
        12,
        20,
        33,
        12,
        40
      ],
      "Price": [
        "276",
        "276",
        "749",
        "9",
        "650",
        "849",
        "290",
        "280",
        "350",
        "455",
        "350"
      ],
      "Reach_date": [
        "15-Aug",
        "15-Aug",
        "15-Aug",
        "15-Aug",
        "15-Aug",
        "15-Aug",
        "15-Aug",
        "15-Aug",
        "15-Aug",
        "15-Aug",
        "15-Aug",
        "15-Aug",
        "15-Aug",
        "15-Aug",
        "15-Aug",
        "15-Aug",
        "15-Aug",
        "15-Aug"
      ]
    }
  },
  "Berhampore (West Bengal) to Cooch Behar (West Bengal)": {
    "Private": {
      "Bus_Name": [
        "NBSTC-BHP-COB-R1-18:30",
        "Upasana Transport"
      ],
      "Bus_Type": [
        "Non AC Seater 2+2",
        "NON A/C Seater / Sleeper (2+2)"
      ],
      "Departing_Time": [
        "18:30",
        "20:40"
      ],
      "Reaching_Time": [
        "07:00",
        "08:50"
      ],
      "Duration": [
        "12h 30m",
        "12h 10m"
      ],
      "Star_Rating": [
        3.5,
        3.1
      ],
      "Seat_availability": [
        20,
        14
      ],
      "Price": [
        "448",
        "600"
      ],
      "Reach_date": [
        "15-Aug",
        "15-Aug"
      ]
    },
    "Government": {}
  },
  "Cooch Behar (West Bengal) to Kolkata": {
    "Private": {
      "Bus_Name": [],
      "Bus_Type": [],
      "Departing_Time": [],
      "Reaching_Time": [],
      "Duration": [],
      "Star_Rating": [],
      "Seat_availability": [],
      "Price": [],
      "Reach_date": []
    },
    "Government": {}
  },
  "Kolkata to Balurghat": {
    "Private": {
      "Bus_Name": [
        "NBSTC-KOL-BLG-R1-19:30",
        "Express Line",
        "Shyamoli Paribahan Pvt Ltd",
        "Rubi Paribahan",
        "Sonar Tori",
        "Jio Dolphin Travels",
        "New Dolphin Travels",
        "Padmanabha Paribahan",
        "Shree Krishna Travels",
        "Swarnali Paribahan",
        "Mohanta Travels"
      ],
      "Bus_Type": [
        "NON A/C Seater Push Back (2+2)",
        "Volvo 9600 Multi Axle Semi-Sleeper (2+2)",
        "Scania Multi-Axle AC Semi Sleeper (2+2)",
        "Volvo 9600 A/C Seater/Sleeper (2+1)",
        "A/C Seater / Sleeper (2+2)",
        "NON A/C Seater / Sleeper (2+2)",
        "NON A/C Seater / Sleeper (2+2)",
        "A/C Seater / Sleeper (2+2)",
        "NON A/C Seater / Sleeper (2+2)",
        "NON A/C Seater Push Back (2+2)",
        "NON A/C Seater / Sleeper (2+2)"
      ],
      "Departing_Time": [
        "19:45",
        "19:45",
        "20:00",
        "20:30",
        "19:45",
        "19:30",
        "17:30",
        "20:00",
        "18:45",
        "19:30",
        "21:00"
      ],
      "Reaching_Time": [
        "07:15",
        "06:15",
        "06:15",
        "05:00",
        "06:30",
        "08:00",
        "07:00",
        "06:30",
        "07:30",
        "07:45",
        "07:00"
      ],
      "Duration": [
        "11h 30m",
        "10h 30m",
        "10h 15m",
        "08h 30m",
        "10h 45m",
        "12h 30m",
        "13h 30m",
        "10h 30m",
        "12h 45m",
        "12h 15m",
        "10h 00m"
      ],
      "Star_Rating": [
        3.7,
        4.6,
        4.1,
        3.7,
        3.3,
        3.2,
        2.9,
        2.5,
        3.7,
        1.7,
        2.2
      ],
      "Seat_availability": [
        9,
        9,
        15,
        6,
        10,
        1,
        6,
        15,
        2,
        24,
        50
      ],
      "Price": [
        "367",
        "949",
        "1000",
        "880",
        "350",
        "320"
      ],
      "Reach_date": [
        "15-Aug",
        "15-Aug",
        "15-Aug",
        "15-Aug",
        "15-Aug",
        "15-Aug",
        "15-Aug",
        "15-Aug",
        "15-Aug",
        "15-Aug",
        "15-Aug"
      ]
    },
    "Government": {}
  },
  "Berhampore (West Bengal) to Siliguri": {
    "Private": {
      "Bus_Name": [
        "NBSTC-BHP-COB-R1-18:30",
        "Lokenath Bus Service",
        "Aradhana Travels",
        "Royal Bus Service",
        "RAYAN",
        "Aradhana Travels",
        "Aradhana Bus Service",
        "Upasana Transport",
        "Upasana Transport",
        "Rubi Paribahan",
        "Lokenath Bus Service",
        "RAYAN"
      ],
      "Bus_Type": [
        "Non AC Seater 2+2",
        "Volvo Multi-Axle A/C Seater/Sleeper (2+1)",
        "Volvo A/C B11R Multi Axle Semi Sleeper (2+2)",
        "NON A/C Seater / Sleeper (2+2)",
        "NON A/C Seater / Sleeper (2+2)",
        "NON A/C Seater / Sleeper (2+2)",
        "NON A/C Seater / Sleeper (2+2)",
        "A/C Seater / Sleeper (2+2)",
        "NON A/C Seater / Sleeper (2+2)",
        "Volvo Multi Axle B11R AC Seater\\Sleeper (2+1)",
        "A/C Seater / Sleeper (2+1)",
        "NON A/C Seater / Sleeper (2+2)"
      ],
      "Departing_Time": [
        "18:30",
        "23:45",
        "22:00",
        "21:30",
        "22:30",
        "21:10",
        "23:15",
        "20:20",
        "20:40",
        "23:59",
        "23:55",
        "20:00"
      ],
      "Reaching_Time": [
        "02:30",
        "06:30",
        "06:00",
        "06:00",
        "06:30",
        "07:30",
        "07:00",
        "05:00",
        "05:00",
        "07:15",
        "06:30",
        "05:30"
      ],
      "Duration": [
        "08h 00m",
        "06h 45m",
        "08h 00m",
        "08h 30m",
        "08h 00m",
        "10h 20m",
        "07h 45m",
        "08h 40m",
        "08h 20m",
        "07h 16m",
        "06h 35m",
        "09h 30m"
      ],
      "Star_Rating": [
        3.7,
        4.5,
        3.8,
        3.0,
        2.3,
        2.6,
        3.2,
        2.7,
        3.7,
        3.5,
        1.1
      ],
      "Seat_availability": [
        20,
        9,
        3,
        23,
        31,
        33,
        18,
        6,
        13,
        20,
        11,
        35
      ],
      "Price": [
        "326",
        "1200",
        "450",
        "500",
        "560",
        "475",
        "1499",
        "750",
        "450"
      ],
      "Reach_date": [
        "15-Aug",
        "15-Aug",
        "15-Aug",
        "15-Aug",
        "15-Aug",
        "15-Aug",
        "15-Aug",
        "15-Aug",
        "15-Aug",
        "15-Aug",
        "15-Aug",
        "15-Aug"
      ]
    },
    "Government": {}
  },
  "Siliguri to Berhampore (West Bengal)": {
    "Private": {
      "Bus_Name": [
        "Aradhana Travels",
        "Lokenath Bus Service",
        "Aradhana Travels",
        "Aradhana Bus Service",
        "Upasana Transport",
        "Royal Bus Service",
        "Rubi Paribahan",
        "Aradhana Travels",
        "Easy Ride",
        "Upasana Transport",
        "Aradhana Travels"
      ],
      "Bus_Type": [
        "Volvo A/C B11R Multi Axle Semi Sleeper (2+2)",
        "Volvo Multi Axle B11R AC Seater\\Sleeper (2+1)",
        "A/C Seater / Sleeper (2+1)",
        "NON A/C Seater / Sleeper (2+2)",
        "A/C Seater / Sleeper (2+2)",
        "NON A/C Seater / Sleeper (2+2)",
        "Volvo 9600 Multi-Axle A/C Sleeper (2+1)",
        "A/C Seater / Sleeper (2+2)",
        "Volvo 9600 Multi-Axle A/C Sleeper (2+1)",
        "NON A/C Seater / Sleeper (2+2)",
        "NON A/C Seater / Sleeper (2+2)"
      ],
      "Departing_Time": [
        "21:30",
        "20:30",
        "19:05",
        "20:20",
        "20:00",
        "21:10",
        "19:00",
        "22:00",
        "18:45",
        "22:20",
        "22:00"
      ],
      "Reaching_Time": [
        "05:30",
        "03:25",
        "02:50",
        "04:30",
        "04:30",
        "06:00",
        "02:40",
        "06:00",
        "02:05",
        "06:40",
        "08:30"
      ],
      "Duration": [
        "08h 00m",
        "06h 55m",
        "07h 45m",
        "08h 10m",
        "08h 30m",
        "08h 50m",
        "07h 40m",
        "08h 00m",
        "07h 20m",
        "08h 20m",
        "10h 30m"
      ],
      "Star_Rating": [
        3.8,
        4.5,
        3.4,
        3.3,
        3.2,
        3.8,
        3.4,
        3.0,
        2.8,
        2.2
      ],
      "Seat_availability": [
        36,
        6,
        4,
        37,
        16,
        28,
        4,
        42,
        10,
        14,
        33
      ],
      "Price": [
        "1350",
        "560",
        "450",
        "1499",
        "1500",
        "475"
      ],
      "Reach_date": [
        "15-Aug",
        "15-Aug",
        "15-Aug",
        "15-Aug",
        "15-Aug",
        "15-Aug",
        "15-Aug",
        "15-Aug",
        "15-Aug",
        "15-Aug",
        "15-Aug"
      ]
    },
    "Government": {}
  },
  "Kolkata to Gangarampur": {
    "Private": {
      "Bus_Name": [
        "NBSTC-KOL-BLG-R1-19:30",
        "Express Line",
        "Shyamoli Paribahan Pvt Ltd",
        "Rubi Paribahan",
        "New Dolphin Travels",
        "Swarnali Paribahan"
      ],
      "Bus_Type": [
        "NON A/C Seater Push Back (2+2)",
        "Volvo 9600 Multi Axle Semi-Sleeper (2+2)",
        "Scania Multi-Axle AC Semi Sleeper (2+2)",
        "Volvo 9600 A/C Seater/Sleeper (2+1)",
        "NON A/C Seater / Sleeper (2+2)",
        "NON A/C Seater Push Back (2+2)"
      ],
      "Departing_Time": [
        "19:45",
        "19:45",
        "20:00",
        "20:30",
        "17:30",
        "19:30"
      ],
      "Reaching_Time": [
        "06:15",
        "05:45",
        "05:45",
        "04:15",
        "05:30",
        "07:00"
      ],
      "Duration": [
        "10h 30m",
        "10h 00m",
        "09h 45m",
        "07h 45m",
        "12h 00m",
        "11h 30m"
      ],
      "Star_Rating": [
        3.6,
        4.7,
        3.9,
        4.0,
        3.6,
        2.9
      ],
      "Seat_availability": [
        13,
        12,
        15,
        8,
        6,
        26
      ],
      "Price": [
        "335",
        "949",
        "1000",
        "880",
        "320"
      ],
      "Reach_date": [
        "15-Aug",
        "15-Aug",
        "15-Aug",
        "15-Aug",
        "15-Aug",
        "15-Aug"
      ]
    },
    "Government": {}
  },
  "Siliguri to Kalimpong": {
    "Private": {
      "Bus_Name": [],
      "Bus_Type": [],
      "Departing_Time": [],
      "Reaching_Time": [],
      "Duration": [],
      "Star_Rating": [],
      "Seat_availability": [],
      "Price": [],
      "Reach_date": []
    },
    "Government": {}
  },
  "Cooch Behar (West Bengal) to Malda": {
    "Private": {
      "Bus_Name": [
        "NBSTC-COB-BHP-R1-19:00"
      ],
      "Bus_Type": [
        "Non AC Seater 2+2"
      ],
      "Departing_Time": [
        "19:00"
      ],
      "Reaching_Time": [
        "03:19"
      ],
      "Duration": [
        "08h 19m"
      ],
      "Star_Rating": [
        4.4
      ],
      "Seat_availability": [
        15
      ],
      "Price": [
        "338"
      ],
      "Reach_date": [
        "15-Aug"
      ]
    },
    "Government": {}
  },
  "Malda to Cooch Behar (West Bengal)": {
    "Private": {
      "Bus_Name": [
        "NBSTC-BHP-COB-R1-18:30"
      ],
      "Bus_Type": [
        "Non AC Seater 2+2"
      ],
      "Departing_Time": [
        "20:50"
      ],
      "Reaching_Time": [
        "07:00"
      ],
      "Duration": [
        "10h 10m"
      ],
      "Star_Rating": [
        3.0
      ],
      "Seat_availability": [
        20
      ],
      "Price": [
        "338"
      ],
      "Reach_date": [
        "15-Aug"
      ]
    },
    "Government": {}
  },
  "Balurghat to Kolkata": {
    "Private": {
      "Bus_Name": [
        "NBSTC-BLG-KOL-R1-18:30",
        "Express Line",
        "Rubi Paribahan",
        "Shyamoli Paribahan Pvt Ltd",
        "New Dolphin Travels",
        "Sonar Tori",
        "Padmanabha Paribahan",
        "Jio Dolphin Travels",
        "Jio Dolphin Travels",
        "Shree Krishna Travels"
      ],
      "Bus_Type": [
        "NON A/C Seater Push Back (2+2)",
        "Volvo 9600 A/C Seater/Sleeper (2+1)",
        "Volvo 9600 A/C Seater/Sleeper (2+1)",
        "Scania Multi-Axle AC Semi Sleeper (2+2)",
        "NON A/C Seater / Sleeper (2+2)",
        "A/C Seater / Sleeper (2+2)",
        "A/C Seater / Sleeper (2+2)",
        "NON A/C Seater / Sleeper (2+2)",
        "VE A/C Seater / Sleeper (2+2)",
        "NON A/C Seater / Sleeper (2+2)"
      ],
      "Departing_Time": [
        "18:30",
        "18:50",
        "18:55",
        "19:15",
        "19:45",
        "19:30",
        "19:15",
        "18:30",
        "19:00",
        "18:45"
      ],
      "Reaching_Time": [
        "06:00",
        "05:00",
        "04:30",
        "05:00",
        "06:30",
        "06:30",
        "07:00",
        "06:00",
        "06:00",
        "06:00"
      ],
      "Duration": [
        "11h 30m",
        "10h 10m",
        "09h 35m",
        "09h 45m",
        "10h 45m",
        "11h 00m",
        "11h 45m",
        "11h 30m",
        "11h 00m",
        "11h 15m"
      ],
      "Star_Rating": [
        4.2,
        4.6,
        4.4,
        4.1,
        3.6,
        3.3,
        3.4,
        3.7,
        3.2,
        4.4
      ],
      "Seat_availability": [
        13,
        11,
        17,
        26,
        25,
        37,
        37,
        20,
        48,
        19
      ],
      "Price": [
        "367",
        "799",
        "849",
        "700",
        "350"
      ],
      "Reach_date": [
        "15-Aug",
        "15-Aug",
        "15-Aug",
        "15-Aug",
        "15-Aug",
        "15-Aug",
        "15-Aug",
        "15-Aug",
        "15-Aug",
        "15-Aug"
      ]
    },
    "Government": {}
  },
  "Kolkata to Jalpaiguri": {
    "Private": {
      "Bus_Name": [
        "NBSTC-KOL-COB-R1-17:00"
      ],
      "Bus_Type": [
        "Non AC Seater 2+2"
      ],
      "Departing_Time": [
        "17:00"
      ],
      "Reaching_Time": [
        "05:45"
      ],
      "Duration": [
        "12h 45m"
      ],
      "Star_Rating": [
        2.9
      ],
      "Seat_availability": [
        5
      ],
      "Price": [
        "525"
      ],
      "Reach_date": [
        "15-Aug"
      ]
    },
    "Government": {}
  },
  "Kolkata to Islampur (West Bengal)": {
    "Private": {
      "Bus_Name": [
        "Express Line",
        "Shyamoli Paribahan Pvt Ltd",
        "Rubi Paribahan",
        "Express Line",
        "Easy Ride",
        "Shyamoli Paribahan Pvt Ltd",
        "Express Line",
        "Modern Travels",
        "Rubi Paribahan",
        "Express Line",
        "Aradhana Bus Service"
      ],
      "Bus_Type": [
        "Volvo 9600 A/C Seater/Sleeper (2+1)",
        "Volvo Multi-Axle A/C seater/sleeper (2+1)",
        "Volvo 9600 Multi-Axle A/C Sleeper (2+1)",
        "Volvo Multi Axle A/C Sleeper I-Shift B11R (2+1)",
        "Volvo 9600 Multi-Axle A/C Sleeper (2+1)",
        "Volvo 9600 Multi-Axle A/C Sleeper (2+1)",
        "Volvo Multi Axle A/C Sleeper I-Shift B11R (2+1)",
        "Bharat Benz A/C Seater /Sleeper (2+1)",
        "Volvo Multi Axle B11R AC Seater\\Sleeper (2+1)",
        "Volvo 9600 Multi-Axle A/C Sleeper (2+1)",
        "NON A/C Seater / Sleeper (2+2)"
      ],
      "Departing_Time": [
        "19:30",
        "19:00",
        "19:00",
        "20:00",
        "18:45",
        "18:00",
        "19:00",
        "18:30",
        "18:00",
        "18:30",
        "16:45"
      ],
      "Reaching_Time": [
        "07:25",
        "07:10",
        "07:00",
        "08:10",
        "06:45",
        "06:10",
        "07:10",
        "06:20",
        "06:15",
        "06:40",
        "06:00"
      ],
      "Duration": [
        "11h 55m",
        "12h 10m",
        "12h 00m",
        "12h 10m",
        "12h 00m",
        "12h 10m",
        "12h 10m",
        "11h 50m",
        "12h 15m",
        "12h 10m",
        "13h 15m"
      ],
      "Star_Rating": [
        4.7,
        4.7,
        4.1,
        4.0,
        4.7,
        4.7,
        4.7,
        4.3,
        3.9,
        4.7,
        2.4
      ],
      "Seat_availability": [
        5,
        1,
        6,
        41,
        4,
        2,
        1,
        16,
        27,
        2,
        16
      ],
      "Price": [
        "9",
        "1300",
        "1999",
        "9",
        "1600",
        "1600",
        "9",
        "925",
        "1499",
        "2199"
      ],
      "Reach_date": [
        "15-Aug",
        "15-Aug",
        "15-Aug",
        "15-Aug",
        "15-Aug",
        "15-Aug",
        "15-Aug",
        "15-Aug",
        "15-Aug",
        "15-Aug",
        "15-Aug"
      ]
    },
    "Government": {
      "Bus_Name": [
        "NBSTC-KOL-COB-R1-17:00",
        "NBSTC-KOL-SLG-R1-18:00",
        "Express Line",
        "Shyamoli Paribahan Pvt Ltd",
        "Rubi Paribahan",
        "Express Line",
        "Easy Ride",
        "Shyamoli Paribahan Pvt Ltd",
        "Express Line",
        "Modern Travels",
        "Rubi Paribahan",
        "Express Line",
        "Aradhana Bus Service"
      ],
      "Bus_Type": [
        "Non AC Seater 2+2",
        "NON A/C Seater Push Back (2+2)",
        "Volvo 9600 A/C Seater/Sleeper (2+1)",
        "Volvo Multi-Axle A/C seater/sleeper (2+1)",
        "Volvo 9600 Multi-Axle A/C Sleeper (2+1)",
        "Volvo Multi Axle A/C Sleeper I-Shift B11R (2+1)",
        "Volvo 9600 Multi-Axle A/C Sleeper (2+1)",
        "Volvo 9600 Multi-Axle A/C Sleeper (2+1)",
        "Volvo Multi Axle A/C Sleeper I-Shift B11R (2+1)",
        "Bharat Benz A/C Seater /Sleeper (2+1)",
        "Volvo Multi Axle B11R AC Seater\\Sleeper (2+1)",
        "Volvo 9600 Multi-Axle A/C Sleeper (2+1)",
        "NON A/C Seater / Sleeper (2+2)"
      ],
      "Departing_Time": [
        "17:00",
        "18:00",
        "19:30",
        "19:00",
        "19:00",
        "20:00",
        "18:45",
        "18:00",
        "19:00",
        "18:30",
        "18:00",
        "18:30",
        "16:45"
      ],
      "Reaching_Time": [
        "04:30",
        "04:00",
        "07:25",
        "07:10",
        "07:00",
        "08:10",
        "06:45",
        "06:10",
        "07:10",
        "06:20",
        "06:15",
        "06:40",
        "06:00"
      ],
      "Duration": [
        "11h 30m",
        "10h 00m",
        "11h 55m",
        "12h 10m",
        "12h 00m",
        "12h 10m",
        "12h 00m",
        "12h 10m",
        "12h 10m",
        "11h 50m",
        "12h 15m",
        "12h 10m",
        "13h 15m"
      ],
      "Star_Rating": [
        3.2,
        2.4,
        4.7,
        4.7,
        4.1,
        4.0,
        4.7,
        4.7,
        4.7,
        4.3,
        3.9,
        4.7,
        2.4
      ],
      "Seat_availability": [
        15,
        6,
        5,
        1,
        6,
        41,
        4,
        2,
        1,
        16,
        27,
        2,
        16
      ],
      "Price": [
        "425",
        "425",
        "9",
        "1300",
        "1999",
        "9",
        "1600",
        "1600",
        "9",
        "925",
        "1499",
        "2199"
      ],
      "Reach_date": [
        "15-Aug",
        "15-Aug",
        "15-Aug",
        "15-Aug",
        "15-Aug",
        "15-Aug",
        "15-Aug",
        "15-Aug",
        "15-Aug",
        "15-Aug",
        "15-Aug",
        "15-Aug",
        "15-Aug"
      ]
    }
  },
  "Falakata (west bengal) to Berhampore (West Bengal)": {
    "Private": {
      "Bus_Name": [
        "NBSTC-COB-BHP-R1-19:00"
      ],
      "Bus_Type": [
        "Non AC Seater 2+2"
      ],
      "Departing_Time": [
        "19:50"
      ],
      "Reaching_Time": [
        "07:30"
      ],
      "Duration": [
        "11h 40m"
      ],
      "Star_Rating": [
        4.1
      ],
      "Seat_availability": [
        14
      ],
      "Price": [
        "411"
      ],
      "Reach_date": [
        "15-Aug"
      ]
    },
    "Government": {}
  },
  "Kolkata to Falakata (west bengal)": {
    "Private": {
      "Bus_Name": [
        "NBSTC-KOL-COB-R1-17:00"
      ],
      "Bus_Type": [
        "Non AC Seater 2+2"
      ],
      "Departing_Time": [
        "17:00"
      ],
      "Reaching_Time": [
        "07:00"
      ],
      "Duration": [
        "14h 00m"
      ],
      "Star_Rating": [
        3.4
      ],
      "Seat_availability": [
        22
      ],
      "Price": [
        "571"
      ],
      "Reach_date": [
        "15-Aug"
      ]
    },
    "Government": {}
  },
  "Cooch Behar (West Bengal) to Raiganj": {
    "Private": {
      "Bus_Name": [
        "NBSTC-COB-BHP-R1-19:00"
      ],
      "Bus_Type": [
        "Non AC Seater 2+2"
      ],
      "Departing_Time": [
        "19:00"
      ],
      "Reaching_Time": [
        "01:45"
      ],
      "Duration": [
        "06h 45m"
      ],
      "Star_Rating": [
        4.0
      ],
      "Seat_availability": [
        15
      ],
      "Price": [
        "277"
      ],
      "Reach_date": [
        "15-Aug"
      ]
    },
    "Government": {}
  },
  "Siliguri to Cooch Behar (West Bengal)": {
    "Private": {
      "Bus_Name": [],
      "Bus_Type": [],
      "Departing_Time": [],
      "Reaching_Time": [],
      "Duration": [],
      "Star_Rating": [],
      "Seat_availability": [],
      "Price": [],
      "Reach_date": []
    },
    "Government": {}
  },
  "Raiganj to Krishnanagar (West Bengal)": {
    "Private": {
      "Bus_Name": [
        "NBSTC-RAI-KOL-R1-19:30",
        "RAYAN",
        "Lokenath Bus Service",
        "Aradhana Bus Service"
      ],
      "Bus_Type": [
        "NON A/C Seater Push Back (2+2)",
        "NON A/C Seater / Sleeper (2+2)",
        "NON A/C Seater / Sleeper (2+2)",
        "NON A/C Seater / Sleeper (2+2)"
      ],
      "Departing_Time": [
        "20:30",
        "22:00",
        "19:45",
        "19:15"
      ],
      "Reaching_Time": [
        "04:00",
        "09:00",
        "03:20",
        "03:00"
      ],
      "Duration": [
        "07h 30m",
        "11h 00m",
        "07h 35m",
        "07h 45m"
      ],
      "Star_Rating": [
        3.6,
        2.6,
        2.4
      ],
      "Seat_availability": [
        21,
        59,
        12,
        33
      ],
      "Price": [
        "250",
        "500",
        "500"
      ],
      "Reach_date": [
        "15-Aug",
        "15-Aug",
        "15-Aug",
        "15-Aug"
      ]
    },
    "Government": {}
  },
  "Raiganj to Siliguri": {
    "Private": {
      "Bus_Name": [
        "Mohanta Travels",
        "Shree Krishna Travels",
        "New Dolphin Travels",
        "Gopal Travels",
        "Padmanabha Travels"
      ],
      "Bus_Type": [
        "A/C Seater / Sleeper (2+2)",
        "NON A/C Seater / Sleeper (2+2)",
        "NON A/C Seater / Sleeper (2+2)",
        "A/C Seater / Sleeper (2+2)",
        "A/C Seater / Sleeper (2+2)"
      ],
      "Departing_Time": [
        "23:30",
        "23:40",
        "23:55",
        "23:30",
        "23:50"
      ],
      "Reaching_Time": [
        "05:00",
        "05:00",
        "05:00",
        "04:00",
        "05:05"
      ],
      "Duration": [
        "05h 30m",
        "05h 20m",
        "05h 05m",
        "04h 30m",
        "05h 15m"
      ],
      "Star_Rating": [
        4.0,
        3.5,
        3.5,
        2.7,
        2.6
      ],
      "Seat_availability": [
        6,
        17,
        60,
        65,
        11
      ],
      "Price": [
        "250",
        "300"
      ],
      "Reach_date": [
        "15-Aug",
        "15-Aug",
        "15-Aug",
        "15-Aug",
        "15-Aug"
      ]
    },
    "Government": {}
  },
  "Kolkata to Buniadpur": {
    "Private": {
      "Bus_Name": [
        "NBSTC-KOL-BLG-R1-19:30",
        "Express Line",
        "Rubi Paribahan",
        "Shyamoli Paribahan Pvt Ltd",
        "New Dolphin Travels"
      ],
      "Bus_Type": [
        "NON A/C Seater Push Back (2+2)",
        "Volvo 9600 Multi Axle Semi-Sleeper (2+2)",
        "Volvo 9600 A/C Seater/Sleeper (2+1)",
        "Scania Multi-Axle AC Semi Sleeper (2+2)",
        "NON A/C Seater / Sleeper (2+2)"
      ],
      "Departing_Time": [
        "19:45",
        "19:45",
        "20:30",
        "20:00",
        "17:30"
      ],
      "Reaching_Time": [
        "05:45",
        "05:15",
        "03:50",
        "05:15",
        "05:10"
      ],
      "Duration": [
        "10h 00m",
        "09h 30m",
        "07h 20m",
        "09h 15m",
        "11h 40m"
      ],
      "Star_Rating": [
        4.3,
        4.7,
        4.6,
        3.9,
        3.9
      ],
      "Seat_availability": [
        13,
        12,
        13,
        15,
        1
      ],
      "Price": [
        "323",
        "949",
        "880",
        "1000"
      ],
      "Reach_date": [
        "15-Aug",
        "15-Aug",
        "15-Aug",
        "15-Aug",
        "15-Aug"
      ]
    },
    "Government": {}
  },
  "Gangarampur to Kolkata": {
    "Private": {
      "Bus_Name": [
        "Express Line",
        "Shyamoli Paribahan Pvt Ltd",
        "Rubi Paribahan",
        "Sonar Tori",
        "New Dolphin Travels",
        "Jio Dolphin Travels",
        "Jio Dolphin Travels",
        "Padmanabha Paribahan",
        "Shree Krishna Travels",
        "Renuka Travels"
      ],
      "Bus_Type": [
        "Volvo 9600 A/C Seater/Sleeper (2+1)",
        "Scania Multi-Axle AC Semi Sleeper (2+2)",
        "Volvo 9600 A/C Seater/Sleeper (2+1)",
        "A/C Seater / Sleeper (2+2)",
        "NON A/C Seater / Sleeper (2+2)",
        "NON A/C Seater / Sleeper (2+2)",
        "VE A/C Seater / Sleeper (2+2)",
        "A/C Seater / Sleeper (2+2)",
        "NON A/C Seater / Sleeper (2+2)",
        "NON A/C Seater / Sleeper (2+2)"
      ],
      "Departing_Time": [
        "19:45",
        "20:00",
        "19:35",
        "20:15",
        "21:00",
        "19:40",
        "20:00",
        "20:15",
        "19:45",
        "19:30"
      ],
      "Reaching_Time": [
        "05:00",
        "05:00",
        "04:30",
        "06:30",
        "06:30",
        "06:00",
        "06:00",
        "07:00",
        "06:00",
        "06:30"
      ],
      "Duration": [
        "09h 15m",
        "09h 00m",
        "08h 55m",
        "10h 15m",
        "09h 30m",
        "10h 20m",
        "10h 00m",
        "10h 45m",
        "10h 15m",
        "11h 00m"
      ],
      "Star_Rating": [
        4.5,
        4.0,
        4.7,
        3.4,
        2.7,
        3.1,
        2.7,
        2.7,
        3.5,
        1.6
      ],
      "Seat_availability": [
        13,
        24,
        24,
        37,
        26,
        21,
        48,
        37,
        19,
        61
      ],
      "Price": [
        "799",
        "700",
        "849",
        "350",
        "350"
      ],
      "Reach_date": [
        "15-Aug",
        "15-Aug",
        "15-Aug",
        "15-Aug",
        "15-Aug",
        "15-Aug",
        "15-Aug",
        "15-Aug",
        "15-Aug",
        "15-Aug"
      ]
    },
    "Government": {}
  },
  "Siliguri to Ranaghat": {
    "Private": {
      "Bus_Name": [
        "Lokenath Bus Service",
        "RAYAN"
      ],
      "Bus_Type": [
        "Volvo Multi Axle B11R AC Seater\\Sleeper (2+1)",
        "NON A/C Seater / Sleeper (2+2)"
      ],
      "Departing_Time": [
        "20:30",
        "16:50"
      ],
      "Reaching_Time": [
        "05:35",
        "05:00"
      ],
      "Duration": [
        "09h 05m",
        "12h 10m"
      ],
      "Star_Rating": [
        4.7
      ],
      "Seat_availability": [
        6,
        59
      ],
      "Price": [
        "1350",
        "450"
      ],
      "Reach_date": [
        "15-Aug",
        "15-Aug"
      ]
    },
    "Government": {}
  },
  "Siliguri to Krishnanagar (West Bengal)": {
    "Private": {
      "Bus_Name": [
        "Aradhana Travels",
        "Rubi Paribahan",
        "RAYAN",
        "Express Line",
        "Lokenath Bus Service",
        "Kanchanjangha (Saha Travels)",
        "Mahaprabhu Travels"
      ],
      "Bus_Type": [
        "A/C Seater / Sleeper (2+1)",
        "Volvo 9600 Multi-Axle A/C Sleeper (2+1)",
        "NON A/C Seater / Sleeper (2+2)",
        "Volvo 9600 Multi-Axle A/C Sleeper (2+1)",
        "Volvo Multi Axle B11R AC Seater\\Sleeper (2+1)",
        "NON A/C Seater / Sleeper (2+2)",
        "NON A/C Seater / Sleeper (2+2)"
      ],
      "Departing_Time": [
        "19:05",
        "19:00",
        "16:50",
        "18:30",
        "20:30",
        "16:20",
        "19:00"
      ],
      "Reaching_Time": [
        "05:30",
        "04:00",
        "09:00",
        "04:10",
        "05:00",
        "04:30",
        "07:00"
      ],
      "Duration": [
        "10h 25m",
        "09h 00m",
        "16h 10m",
        "09h 40m",
        "08h 30m",
        "12h 10m",
        "12h 00m"
      ],
      "Star_Rating": [
        3.5,
        4.7,
        4.6,
        4.1,
        3.7,
        2.0
      ],
      "Seat_availability": [
        4,
        4,
        59,
        2,
        4,
        14,
        44
      ],
      "Price": [
        "1499",
        "500",
        "9",
        "1600",
        "535"
      ],
      "Reach_date": [
        "15-Aug",
        "15-Aug",
        "15-Aug",
        "15-Aug",
        "15-Aug",
        "15-Aug",
        "15-Aug"
      ]
    },
    "Government": {}
  },
  "Falakata (west bengal) to Kolkata": {
    "Private": {
      "Bus_Name": [],
      "Bus_Type": [],
      "Departing_Time": [],
      "Reaching_Time": [],
      "Duration": [],
      "Star_Rating": [],
      "Seat_availability": [],
      "Price": [],
      "Reach_date": []
    },
    "Government": {}
  },
  "Kolkata to Farakka": {
    "Private": {
      "Bus_Name": [
        "NBSTC-KOL-RAI-R1-20:30",
        "Express Line",
        "Shyamoli Paribahan Pvt Ltd",
        "Lokenath Bus Service",
        "Rubi Paribahan",
        "Rubi Paribahan",
        "Wasim Travels",
        "Wasim Travels",
        "Aradhana Bus Service",
        "Rubi Paribahan",
        "Lokenath Bus Service",
        "Swarnali Paribahan"
      ],
      "Bus_Type": [
        "NON A/C Seater Push Back (2+2)",
        "Volvo 9600 Multi Axle Semi-Sleeper (2+2)",
        "Scania Multi-Axle AC Semi Sleeper (2+2)",
        "Volvo A/C Seater (2+2)",
        "Volvo 9600 A/C Seater/Sleeper (2+1)",
        "Volvo 9600 Multi-Axle A/C Sleeper (2+1)",
        "NON A/C Seater / Sleeper (2+2)",
        "NON A/C Seater / Sleeper (2+2)",
        "NON A/C Seater / Sleeper (2+2)",
        "Volvo Multi Axle B11R AC Seater\\Sleeper (2+1)",
        "NON A/C Seater / Sleeper (2+2)",
        "NON A/C Seater Push Back (2+2)"
      ],
      "Departing_Time": [
        "20:45",
        "19:45",
        "20:00",
        "21:00",
        "20:30",
        "19:00",
        "22:00",
        "22:30",
        "16:45",
        "18:00",
        "21:30",
        "19:30"
      ],
      "Reaching_Time": [
        "01:30",
        "04:00",
        "04:00",
        "03:45",
        "02:30",
        "02:15",
        "06:00",
        "06:30",
        "01:30",
        "01:30",
        "05:15",
        "04:30"
      ],
      "Duration": [
        "04h 45m",
        "08h 15m",
        "08h 00m",
        "06h 45m",
        "06h 00m",
        "07h 15m",
        "08h 00m",
        "08h 00m",
        "08h 45m",
        "07h 30m",
        "07h 45m",
        "09h 00m"
      ],
      "Star_Rating": [
        3.5,
        4.5,
        4.3,
        4.0,
        2.9,
        2.9,
        2.5,
        1.7,
        2.4,
        2.9,
        2.6,
        2.2
      ],
      "Seat_availability": [
        13,
        13,
        15,
        9,
        7,
        6,
        12,
        10,
        16,
        24,
        12,
        26
      ],
      "Price": [
        "251",
        "899",
        "950",
        "880",
        "1999",
        "455",
        "455",
        "1499",
        "350",
        "320"
      ],
      "Reach_date": [
        "15-Aug",
        "15-Aug",
        "15-Aug",
        "15-Aug",
        "15-Aug",
        "15-Aug",
        "15-Aug",
        "15-Aug",
        "15-Aug",
        "15-Aug",
        "15-Aug",
        "15-Aug"
      ]
    },
    "Government": {}
  },
  "Siliguri to Raiganj": {
    "Private": {
      "Bus_Name": [
        "Shree Krishna Travels",
        "Aradhana Bus Service",
        "Easy Ride"
      ],
      "Bus_Type": [
        "NON A/C Seater / Sleeper (2+2)",
        "NON A/C Seater / Sleeper (2+2)",
        "Volvo 9600 Multi-Axle A/C Sleeper (2+1)"
      ],
      "Departing_Time": [
        "20:00",
        "20:20",
        "18:45"
      ],
      "Reaching_Time": [
        "02:00",
        "00:30",
        "22:45"
      ],
      "Duration": [
        "06h 00m",
        "04h 10m",
        "04h 00m"
      ],
      "Star_Rating": [
        3.5,
        4.8
      ],
      "Seat_availability": [
        16,
        72
      ],
      "Price": [
        "250",
        "1500"
      ],
      "Reach_date": [
        "15-Aug",
        "15-Aug"
      ]
    },
    "Government": {}
  },
  "Kolkata to Dhupguri (West Bengal)": {
    "Private": {
      "Bus_Name": [
        "NBSTC-KOL-COB-R1-17:00"
      ],
      "Bus_Type": [
        "Non AC Seater 2+2"
      ],
      "Departing_Time": [
        "17:00"
      ],
      "Reaching_Time": [
        "06:30"
      ],
      "Duration": [
        "13h 30m"
      ],
      "Star_Rating": [
        4.8
      ],
      "Seat_availability": [
        11
      ],
      "Price": [
        "555"
      ],
      "Reach_date": [
        "15-Aug"
      ]
    },
    "Government": {}
  },
  "Falakata (west bengal) to Malda": {
    "Private": {
      "Bus_Name": [
        "NBSTC-COB-BHP-R1-19:00"
      ],
      "Bus_Type": [
        "Non AC Seater 2+2"
      ],
      "Departing_Time": [
        "19:50"
      ],
      "Reaching_Time": [
        "03:19"
      ],
      "Duration": [
        "07h 29m"
      ],
      "Star_Rating": [
        3.1
      ],
      "Seat_availability": [
        15
      ],
      "Price": [
        "302"
      ],
      "Reach_date": [
        "15-Aug"
      ]
    },
    "Government": {}
  },
  "Kolkata to Gazole": {
    "Private": {
      "Bus_Name": [
        "NBSTC-KOL-RAI-R1-20:30",
        "Express Line",
        "Rubi Paribahan",
        "Lokenath Bus Service",
        "New Dolphin Travels",
        "Aradhana Bus Service",
        "Lokenath Bus Service",
        "Swarnali Paribahan"
      ],
      "Bus_Type": [
        "NON A/C Seater Push Back (2+2)",
        "Volvo 9600 Multi Axle Semi-Sleeper (2+2)",
        "Volvo 9600 A/C Seater/Sleeper (2+1)",
        "Volvo A/C Seater (2+2)",
        "NON A/C Seater / Sleeper (2+2)",
        "NON A/C Seater / Sleeper (2+2)",
        "NON A/C Seater / Sleeper (2+2)",
        "NON A/C Seater Push Back (2+2)"
      ],
      "Departing_Time": [
        "20:45",
        "19:45",
        "20:30",
        "21:00",
        "17:30",
        "16:45",
        "21:30",
        "19:30"
      ],
      "Reaching_Time": [
        "04:15",
        "04:45",
        "03:30",
        "05:45",
        "04:30",
        "02:30",
        "06:45",
        "06:00"
      ],
      "Duration": [
        "07h 30m",
        "09h 00m",
        "07h 00m",
        "08h 45m",
        "11h 00m",
        "09h 45m",
        "09h 15m",
        "10h 30m"
      ],
      "Star_Rating": [
        3.5,
        4.8,
        5.0,
        4.3,
        3.7,
        2.4,
        2.6,
        2.2
      ],
      "Seat_availability": [
        13,
        14,
        7,
        6,
        1,
        16,
        10,
        26
      ],
      "Price": [
        "301",
        "899",
        "880",
        "900",
        "400",
        "320"
      ],
      "Reach_date": [
        "15-Aug",
        "15-Aug",
        "15-Aug",
        "15-Aug",
        "15-Aug",
        "15-Aug",
        "15-Aug",
        "15-Aug"
      ]
    },
    "Government": {}
  },
  "Berhampore (West Bengal) to Falakata (west bengal)": {
    "Private": {
      "Bus_Name": [
        "NBSTC-BHP-COB-R1-18:30"
      ],
      "Bus_Type": [
        "Non AC Seater 2+2"
      ],
      "Departing_Time": [
        "18:30"
      ],
      "Reaching_Time": [
        "05:30"
      ],
      "Duration": [
        "11h 00m"
      ],
      "Star_Rating": [
        4.0
      ],
      "Seat_availability": [
        20
      ],
      "Price": [
        "412"
      ],
      "Reach_date": [
        "15-Aug"
      ]
    },
    "Government": {}
  },
  "Balurghat to Siliguri": {
    "Private": {
      "Bus_Name": [
        "Mohanta Travels",
        "Padmanabha Travels",
        "Shree Krishna Travels",
        "Sankar Travels",
        "Shree Krishna Travels"
      ],
      "Bus_Type": [
        "A/C Seater / Sleeper (2+2)",
        "A/C Seater / Sleeper (2+2)",
        "NON A/C Seater / Sleeper (2+2)",
        "A/C Seater / Sleeper (2+1)",
        "A/C Seater / Sleeper (2+2)"
      ],
      "Departing_Time": [
        "21:00",
        "20:45",
        "19:45",
        "20:10",
        "21:10"
      ],
      "Reaching_Time": [
        "05:00",
        "05:05",
        "05:00",
        "04:30",
        "04:30"
      ],
      "Duration": [
        "08h 00m",
        "08h 20m",
        "09h 15m",
        "08h 20m",
        "07h 20m"
      ],
      "Star_Rating": [
        3.4,
        3.3,
        4.0,
        3.7,
        2.9
      ],
      "Seat_availability": [
        6,
        11,
        17,
        13,
        18
      ],
      "Price": [
        "250",
        "450",
        "300"
      ],
      "Reach_date": [
        "15-Aug",
        "15-Aug",
        "15-Aug",
        "15-Aug",
        "15-Aug"
      ]
    },
    "Government": {}
  },
  "Siliguri to Barasat (West Bengal)": {
    "Private": {
      "Bus_Name": [],
      "Bus_Type": [],
      "Departing_Time": [],
      "Reaching_Time": [],
      "Duration": [],
      "Star_Rating": [],
      "Seat_availability": [],
      "Price": [],
      "Reach_date": []
    },
    "Government": {}
  },
  "Kolkata to Maynaguri (West Bengal)": {
    "Private": {
      "Bus_Name": [
        "NBSTC-KOL-COB-R1-17:00"
      ],
      "Bus_Type": [
        "Non AC Seater 2+2"
      ],
      "Departing_Time": [
        "17:00"
      ],
      "Reaching_Time": [
        "06:00"
      ],
      "Duration": [
        "13h 00m"
      ],
      "Star_Rating": [
        4.4
      ],
      "Seat_availability": [
        28
      ],
      "Price": [
        "538"
      ],
      "Reach_date": [
        "15-Aug"
      ]
    },
    "Government": {}
  },
  "Kolkata to Itahar (West Bengal)": {
    "Private": {
      "Bus_Name": [
        "NBSTC-KOL-RAI-R1-20:30",
        "Aradhana Bus Service",
        "Lokenath Bus Service"
      ],
      "Bus_Type": [
        "NON A/C Seater Push Back (2+2)",
        "NON A/C Seater / Sleeper (2+2)",
        "NON A/C Seater / Sleeper (2+2)"
      ],
      "Departing_Time": [
        "20:45",
        "16:45",
        "21:30"
      ],
      "Reaching_Time": [
        "05:15",
        "03:15",
        "07:10"
      ],
      "Duration": [
        "08h 30m",
        "10h 30m",
        "09h 40m"
      ],
      "Star_Rating": [
        3.4,
        2.4,
        2.6
      ],
      "Seat_availability": [
        13,
        16,
        12
      ],
      "Price": [
        "323",
        "500"
      ],
      "Reach_date": [
        "15-Aug",
        "15-Aug",
        "15-Aug"
      ]
    },
    "Government": {}
  },
  "Cooch Behar (West Bengal) to Krishnanagar (West Bengal)": {
    "Private": {
      "Bus_Name": [],
      "Bus_Type": [],
      "Departing_Time": [],
      "Reaching_Time": [],
      "Duration": [],
      "Star_Rating": [],
      "Seat_availability": [],
      "Price": [],
      "Reach_date": []
    },
    "Government": {}
  },
  "Cooch Behar (West Bengal) to Omarpur (West Bengal)": {
    "Private": {
      "Bus_Name": [
        "NBSTC-COB-BHP-R1-19:00"
      ],
      "Bus_Type": [
        "Non AC Seater 2+2"
      ],
      "Departing_Time": [
        "19:00"
      ],
      "Reaching_Time": [
        "06:00"
      ],
      "Duration": [
        "11h 00m"
      ],
      "Star_Rating": [
        3.7
      ],
      "Seat_availability": [
        15
      ],
      "Price": [
        "405"
      ],
      "Reach_date": [
        "15-Aug"
      ]
    },
    "Government": {}
  },
  "Berhampore (West Bengal) to Jalpaiguri": {
    "Private": {
      "Bus_Name": [
        "NBSTC-BHP-COB-R1-18:30"
      ],
      "Bus_Type": [
        "Non AC Seater 2+2"
      ],
      "Departing_Time": [
        "18:30"
      ],
      "Reaching_Time": [
        "03:30"
      ],
      "Duration": [
        "09h 00m"
      ],
      "Star_Rating": [
        4.7
      ],
      "Seat_availability": [
        20
      ],
      "Price": [
        "361"
      ],
      "Reach_date": [
        "15-Aug"
      ]
    },
    "Government": {}
  },
  "Malda to Siliguri": {
    "Private": {
      "Bus_Name": [
        "Aradhana Travels",
        "Aradhana Travels",
        "Aradhana Travels"
      ],
      "Bus_Type": [
        "A/C Seater / Sleeper (2+1)",
        "Volvo A/C B11R Multi Axle Semi Sleeper (2+2)",
        "NON A/C Seater / Sleeper (2+2)"
      ],
      "Departing_Time": [
        "23:30",
        "23:59",
        "23:59"
      ],
      "Reaching_Time": [
        "06:00",
        "06:00",
        "07:30"
      ],
      "Duration": [
        "06h 30m",
        "06h 01m",
        "07h 31m"
      ],
      "Star_Rating": [
        3.7,
        3.2,
        2.0
      ],
      "Seat_availability": [
        1,
        3,
        32
      ],
      "Price": [],
      "Reach_date": [
        "15-Aug",
        "15-Aug",
        "15-Aug"
      ]
    },
    "Government": {}
  },
  "Raiganj to Ranaghat": {
    "Private": {
      "Bus_Name": [
        "NBSTC-RAI-KOL-R1-19:30",
        "Lokenath Bus Service",
        "Aradhana Bus Service"
      ],
      "Bus_Type": [
        "NON A/C Seater Push Back (2+2)",
        "NON A/C Seater / Sleeper (2+2)",
        "NON A/C Seater / Sleeper (2+2)"
      ],
      "Departing_Time": [
        "20:30",
        "19:45",
        "19:15"
      ],
      "Reaching_Time": [
        "05:15",
        "04:10",
        "03:10"
      ],
      "Duration": [
        "08h 45m",
        "08h 25m",
        "07h 55m"
      ],
      "Star_Rating": [
        3.3,
        2.6,
        2.4
      ],
      "Seat_availability": [
        22,
        12,
        33
      ],
      "Price": [
        "278",
        "500"
      ],
      "Reach_date": [
        "15-Aug",
        "15-Aug",
        "15-Aug"
      ]
    },
    "Government": {}
  },
  "Cooch Behar (West Bengal) to Farakka": {
    "Private": {
      "Bus_Name": [
        "NBSTC-COB-BHP-R1-19:00"
      ],
      "Bus_Type": [
        "Non AC Seater 2+2"
      ],
      "Departing_Time": [
        "19:00"
      ],
      "Reaching_Time": [
        "04:30"
      ],
      "Duration": [
        "09h 30m"
      ],
      "Star_Rating": [
        4.7
      ],
      "Seat_availability": [
        15
      ],
      "Price": [
        "367"
      ],
      "Reach_date": [
        "15-Aug"
      ]
    },
    "Government": {}
  },
  "Cooch Behar (West Bengal) to Siliguri": {
    "Private": {
      "Bus_Name": [],
      "Bus_Type": [],
      "Departing_Time": [],
      "Reaching_Time": [],
      "Duration": [],
      "Star_Rating": [],
      "Seat_availability": [],
      "Price": [],
      "Reach_date": []
    },
    "Government": {}
  }
}