{
  "Kolkata to Digha": {
    "Private": {
      "Bus_Name": [
        "SBSTC-KARUNAMOYEE - DIGHA - VIA - KOLKATA - 22:30 (VOLVO - 3969",
        "Shyamoli Paribahan Pvt Ltd",
        "Express Line",
        "Maa Chandi Travels",
        "Shyamoli Paribahan Pvt Ltd",
        "Sagufta Travels(Maa Chandi)",
        "Maa Chandi Travels",
        "Sagufta Travels (Bhorpet Travels)",
        "Parameswar Travels",
        "Sagufta Travels (Mayuri)",
        "Sagufta Travels(Maa Chandi)",
        "Parameswar Travels",
        "Sagufta Travels (Atithi)",
        "Parameswar Travels",
        "Snemita Paribahan (Bhorpet)",
        "Parameswar Travels",
        "Basu Travels",
        "City Express (Shinjini)",
        "Parameswar Travels",
        "Sagufta Travels (Sagar Kanya)",
        "Snemita Paribahan(Shinjini)",
        "Haimanti Bus Service",
        "Santosh Bus Service",
        "Ankita Paribahan( Haimanti)",
        "Santosh Bus Service",
        "Bengal Surface Transport",
        "Basu Travels",
        "Snemita Parisheba",
        "Bengal Surface Transport",
        "Snemita Parisheba",
        "Mayuri Express",
        "Snemita Paribahan (Shinjini)",
        "Snemita Parisheba",
        "Snemita Parisheba",
        "Snemita Parisheba",
        "Anadi Travels (Disha Gold)",
        "Arunita Paribahan"
      ],
      "Bus_Type": [
        "Volvo AC Seater (2+2)",
        "VE A/C Seater (2+2)",
        "Volvo 9600 A/C Seater (2+2)",
        "A/C Seater / Sleeper (2+2)",
        "Volvo A/C Seater (2+2)",
        "A/C Seater / Sleeper (2+2)",
        "A/C Seater / Sleeper (2+2)",
        "AC Seater (2+2)",
        "A/C Seater Push Back (2+2)",
        "A/C Seater (2+2)",
        "A/C Seater / Sleeper (2+2)",
        "A/C Seater Push Back (2+3)",
        "A/C Seater Push Back (2+3)",
        "A/C Seater Push Back (2+3)",
        "AC Seater (2+2)",
        "A/C Seater Push Back (2+3)",
        "A/C Seater Push Back (2+3)",
        "AC Seater (2+2)",
        "A/C Seater Push Back (2+3)",
        "A/C Seater Push Back (2+3)",
        "A/C Seater (2+3)",
        "AC Seater (2+3)",
        "A/C Seater Push Back (2+3)",
        "A/C Seater Push Back (2+3)",
        "A/C Seater / Sleeper (2+2)",
        "A/C Seater Push Back (2+3)",
        "A/C Seater Push Back (2+3)",
        "AC Seater (2+3)",
        "A/C Seater Push Back (2+3)",
        "A/C Seater Push Back (2+3)",
        "AC Seater (2+2)",
        "AC Seater (2+2)",
        "AC Seater (2+3)",
        "A/C Seater Push Back (2+3)",
        "AC Seater (2+2)",
        "A/C Seater Push Back (2+3)",
        "AC Seater (2+2)"
      ],
      "Departing_Time": [
        "22:30",
        "23:30",
        "23:45",
        "22:00",
        "23:45",
        "23:57",
        "23:57",
        "23:55",
        "23:50",
        "23:15",
        "22:10",
        "23:45",
        "23:59",
        "23:59",
        "23:55",
        "23:55",
        "23:30",
        "23:45",
        "21:50",
        "23:30",
        "23:50",
        "19:50",
        "23:50",
        "19:50",
        "23:59",
        "23:59",
        "23:55",
        "19:30",
        "23:20",
        "23:59",
        "23:15",
        "23:45",
        "23:55",
        "23:45",
        "23:50",
        "23:00",
        "23:40"
      ],
      "Reaching_Time": [
        "03:30",
        "04:30",
        "04:45",
        "05:30",
        "04:45",
        "05:10",
        "05:10",
        "04:35",
        "04:45",
        "04:00",
        "05:40",
        "05:00",
        "05:00",
        "05:00",
        "04:45",
        "05:00",
        "04:30",
        "04:35",
        "03:45",
        "04:05",
        "04:30",
        "01:30",
        "05:00",
        "00:05",
        "05:30",
        "05:00",
        "05:00",
        "00:10",
        "04:30",
        "05:10",
        "04:30",
        "04:35",
        "05:05",
        "05:00",
        "05:05",
        "04:40",
        "04:45"
      ],
      "Duration": [
        "05h 00m",
        "05h 00m",
        "05h 00m",
        "07h 30m",
        "05h 00m",
        "05h 13m",
        "05h 13m",
        "04h 40m",
        "04h 55m",
        "04h 45m",
        "07h 30m",
        "05h 15m",
        "05h 01m",
        "05h 01m",
        "04h 50m",
        "05h 05m",
        "05h 00m",
        "04h 50m",
        "05h 55m",
        "04h 35m",
        "04h 40m",
        "05h 40m",
        "05h 10m",
        "04h 15m",
        "05h 31m",
        "05h 01m",
        "05h 05m",
        "04h 40m",
        "05h 10m",
        "05h 11m",
        "05h 15m",
        "04h 50m",
        "05h 10m",
        "05h 15m",
        "05h 15m",
        "05h 40m",
        "05h 05m"
      ],
      "Star_Rating": [
        3.6,
        4.5,
        4.5,
        4.6,
        4.6,
        4.3,
        4.3,
        3.8,
        3.4,
        4.7,
        4.2,
        2.8,
        3.2,
        2.8,
        3.6,
        1.9,
        3.5,
        3.9,
        2.6,
        2.6,
        2.8,
        3.2,
        4.3,
        3.1,
        2.5,
        2.4,
        2.3,
        1.7,
        2.7,
        1.5,
        4.2,
        3.8,
        2.7,
        2.7,
        2.7,
        1.0
      ],
      "Seat_availability": [
        29,
        2,
        7,
        3,
        10,
        3,
        9,
        1,
        22,
        1,
        1,
        24,
        3,
        10,
        29,
        10,
        20,
        12,
        43,
        3,
        20,
        17,
        18,
        41,
        41,
        32,
        21,
        20,
        21,
        20,
        26,
        15,
        25,
        36,
        25,
        60,
        13
      ],
      "Price": [
        "460",
        "749",
        "500",
        "750",
        "615",
        "600",
        "515",
        "515",
        "615",
        "415",
        "570",
        "419",
        "670",
        "415",
        "520",
        "350",
        "399",
        "469",
        "419",
        "470",
        "670",
        "470",
        "470",
        "550",
        "500",
        "670"
      ],
      "Reach_date": [
        "15-Aug",
        "15-Aug",
        "15-Aug",
        "15-Aug",
        "15-Aug",
        "15-Aug",
        "15-Aug",
        "15-Aug",
        "15-Aug",
        "15-Aug",
        "15-Aug",
        "15-Aug",
        "15-Aug",
        "15-Aug",
        "15-Aug",
        "15-Aug",
        "15-Aug",
        "15-Aug",
        "15-Aug",
        "15-Aug",
        "15-Aug",
        "15-Aug",
        "15-Aug",
        "15-Aug",
        "15-Aug",
        "15-Aug",
        "15-Aug",
        "15-Aug",
        "15-Aug",
        "15-Aug",
        "15-Aug",
        "15-Aug",
        "15-Aug",
        "15-Aug",
        "15-Aug",
        "15-Aug",
        "15-Aug"
      ]
    },
    "Government": {}
  },
  "Digha to Kolkata": {
    "Private": {
      "Bus_Name": [
        "City Express (Shinjini)",
        "Satya Paribahan",
        "Snemita Paribahan(Shinjini)",
        "Parameswar Travels",
        "Snemita Paribahan (Shinjini)",
        "Ankita Paribahan",
        "Parameswar Travels",
        "Snemita Parisheba(Santosh)",
        "Satya Paribahan",
        "The Joy Ride",
        "Snemita Parisheba(Santosh)",
        "Parameswar Travels",
        "Arunita Paribahan",
        "Aradhana Travels",
        "Aradhana Travels",
        "Snemita Paribahan",
        "Aradhana Bus Service",
        "Aradhana Travels",
        "Satya Paribahan"
      ],
      "Bus_Type": [
        "AC Seater (2+3)",
        "A/C Seater (2+3)",
        "A/C Seater (2+3)",
        "A/C Seater Push Back (2+3)",
        "AC Seater (2+3)",
        "Non AC Seater (2+3)",
        "A/C Seater Push Back (2+3)",
        "A/C Seater Push Back (2+3)",
        "A/C Seater (2+3)",
        "A/C Seater / Sleeper (2+2)",
        "A/C Seater Push Back (2+3)",
        "A/C Seater Push Back (2+3)",
        "A/C Seater (2+3)",
        "A/C Seater / Sleeper (2+1)",
        "A/C Seater / Sleeper (2+2)",
        "A/C Seater (2+3)",
        "A/C Seater / Sleeper (2+2)",
        "Non AC Seater (2+3)",
        "A/C Seater (2+3)"
      ],
      "Departing_Time": [
        "22:45",
        "23:00",
        "22:45",
        "20:00",
        "23:35",
        "18:20",
        "18:10",
        "23:00",
        "23:30",
        "21:15",
        "23:30",
        "21:00",
        "23:35",
        "19:30",
        "18:35",
        "23:30",
        "23:00",
        "21:45",
        "18:20"
      ],
      "Reaching_Time": [
        "04:10",
        "03:45",
        "04:10",
        "01:35",
        "03:45",
        "23:00",
        "23:15",
        "04:20",
        "03:40",
        "02:30",
        "04:30",
        "03:00",
        "03:45",
        "23:59",
        "23:00",
        "04:00",
        "04:00",
        "03:25",
        "23:00"
      ],
      "Duration": [
        "05h 25m",
        "04h 45m",
        "05h 25m",
        "05h 35m",
        "04h 10m",
        "04h 40m",
        "05h 05m",
        "05h 20m",
        "04h 10m",
        "05h 15m",
        "05h 00m",
        "06h 00m",
        "04h 10m",
        "04h 29m",
        "04h 25m",
        "04h 30m",
        "05h 00m",
        "05h 40m",
        "04h 40m"
      ],
      "Star_Rating": [
        3.7,
        3.1,
        2.8,
        3.4,
        2.8,
        2.9,
        2.7,
        2.2,
        1.7,
        3.7,
        3.1,
        3.2,
        2.3,
        1.6,
        1.4,
        2.1,
        1.4,
        1.5,
        2.3
      ],
      "Seat_availability": [
        23,
        29,
        20,
        20,
        4,
        24,
        35,
        43,
        39,
        9,
        17,
        45,
        45,
        19
      ],
      "Price": [
        "320",
        "320",
        "420",
        "220",
        "650",
        "220",
        "370",
        "370"
      ],
      "Reach_date": [
        "15-Aug",
        "15-Aug",
        "15-Aug",
        "15-Aug",
        "15-Aug",
        "15-Aug",
        "15-Aug",
        "15-Aug",
        "15-Aug",
        "15-Aug",
        "15-Aug",
        "15-Aug",
        "15-Aug",
        "15-Aug"
      ]
    },
    "Government": {}
  },
  "Mandarmani to Kolkata": {
    "Private": {
      "Bus_Name": [
        "Bengal Surface Transport",
        "Basu Travels",
        "Parameswar Travels",
        "Aradhana Travels",
        "Snemita Parisheba(Santosh)",
        "City Express (Shinjini)",
        "Snemita Paribahan(Shinjini)",
        "Snemita Paribahan (Shinjini)",
        "Satya Paribahan",
        "Parameswar Travels",
        "Aradhana Travels",
        "Snemita Parisheba(Santosh)",
        "Snemita Parisheba",
        "Ankita Paribahan",
        "Aradhana Bus Service",
        "Satya Paribahan",
        "Parameswar Travels"
      ],
      "Bus_Type": [
        "A/C Seater Push Back (2+3)",
        "A/C Seater Push Back (2+3)",
        "A/C Seater Push Back (2+3)",
        "Non AC Seater (2+3)",
        "A/C Seater Push Back (2+3)",
        "AC Seater (2+3)",
        "A/C Seater (2+3)",
        "AC Seater (2+3)",
        "A/C Seater (2+3)",
        "A/C Seater Push Back (2+3)",
        "A/C Seater / Sleeper (2+1)",
        "A/C Seater Push Back (2+3)",
        "AC Seater (2+3)",
        "Non AC Seater (2+3)",
        "A/C Seater / Sleeper (2+2)",
        "A/C Seater (2+3)",
        "A/C Seater Push Back (2+3)"
      ],
      "Departing_Time": [
        "18:05",
        "18:05",
        "18:30",
        "22:15",
        "23:40",
        "23:15",
        "23:15",
        "23:59",
        "23:40",
        "20:55",
        "20:00",
        "23:59",
        "18:30",
        "19:00",
        "23:20",
        "19:00",
        "22:05"
      ],
      "Reaching_Time": [
        "22:30",
        "22:30",
        "23:15",
        "03:25",
        "04:20",
        "04:10",
        "04:10",
        "03:45",
        "03:45",
        "01:35",
        "23:59",
        "04:30",
        "22:30",
        "23:00",
        "04:00",
        "23:00",
        "03:00"
      ],
      "Duration": [
        "04h 25m",
        "04h 25m",
        "04h 45m",
        "05h 10m",
        "04h 40m",
        "04h 55m",
        "04h 55m",
        "03h 46m",
        "04h 05m",
        "04h 40m",
        "03h 59m",
        "04h 31m",
        "04h 00m",
        "04h 00m",
        "04h 40m",
        "04h 00m",
        "04h 55m"
      ],
      "Star_Rating": [
        3.0,
        2.7,
        1.8,
        3.4,
        2.9,
        2.9,
        2.8,
        2.8,
        1.9,
        1.7,
        3.4,
        2.9,
        2.9,
        2.6,
        2.4,
        1.9,
        1.7
      ],
      "Seat_availability": [
        19,
        24,
        23,
        20,
        4,
        29,
        20,
        39,
        45,
        9
      ],
      "Price": [
        "419",
        "419",
        "220",
        "320",
        "320",
        "420",
        "220"
      ],
      "Reach_date": [
        "15-Aug",
        "15-Aug",
        "15-Aug",
        "15-Aug",
        "15-Aug",
        "15-Aug",
        "15-Aug",
        "15-Aug",
        "15-Aug",
        "15-Aug"
      ]
    },
    "Government": {}
  },
  "Kolkata to Mandarmani": {
    "Private": {
      "Bus_Name": [
        "Shyamoli Paribahan Pvt Ltd",
        "Express Line",
        "Shyamoli Paribahan Pvt Ltd",
        "Parameswar Travels",
        "Sagufta Travels(Maa Chandi)",
        "Parameswar Travels",
        "Maa Chandi Travels",
        "Parameswar Travels",
        "Maa Chandi Travels",
        "Sagufta Travels (Atithi)",
        "Snemita Pariseba(Santosh)",
        "Snemita Paribahan(Shinjini)",
        "Sagufta Travels (Sagar Kanya)",
        "Parameswar Travels",
        "Parameswar Travels",
        "Ankita Paribahan(Parameswar)",
        "Mayuri Express",
        "Snemita Paribahan (Bhorpet)",
        "Santosh Bus Service",
        "Sagufta Travels(Maa Chandi)",
        "Sagufta Travels (Mayuri)",
        "Sagufta Travels (Bhorpet Travels)",
        "City Express (Shinjini)",
        "Basu Travels",
        "Haimanti Bus Service",
        "Bengal Surface Transport",
        "Snemita Parisheba(Samanta)",
        "Santosh Bus Service",
        "Santosh Bus Service",
        "Mayuri Express",
        "Ankita Paribahan( Haimanti)",
        "Snemita Paribahan (Shinjini)",
        "Santosh Bus Service",
        "City Express (Shinjini)",
        "Basu Travels",
        "Snemita Parisheba",
        "Snemita Parisheba",
        "Bengal Surface Transport",
        "Snemita Pariseba(Santosh)",
        "Snemita Parisheba",
        "Snemita Parisheba",
        "Snemita Parisheba",
        "Snemita Parisheba",
        "Anadi Travels (Disha Gold)",
        "Arunita Paribahan"
      ],
      "Bus_Type": [
        "VE A/C Seater (2+2)",
        "Volvo 9600 A/C Seater (2+2)",
        "Volvo A/C Seater (2+2)",
        "A/C Seater Push Back (2+2)",
        "A/C Seater / Sleeper (2+2)",
        "A/C Seater Push Back (2+3)",
        "A/C Seater / Sleeper (2+2)",
        "A/C Seater Push Back (2+3)",
        "A/C Seater / Sleeper (2+2)",
        "A/C Seater Push Back (2+3)",
        "AC Seater (2+3)",
        "A/C Seater (2+3)",
        "A/C Seater Push Back (2+3)",
        "A/C Seater Push Back (2+3)",
        "A/C Seater Push Back (2+3)",
        "A/C Seater (2+3)",
        "A/C Seater (2+3)",
        "AC Seater (2+2)",
        "A/C Seater (2+3)",
        "A/C Seater / Sleeper (2+2)",
        "A/C Seater (2+2)",
        "AC Seater (2+2)",
        "AC Seater (2+2)",
        "A/C Seater Push Back (2+3)",
        "AC Seater (2+3)",
        "A/C Seater Push Back (2+3)",
        "AC Seater (2+3)",
        "A/C Seater Push Back (2+3)",
        "A/C Seater / Sleeper (2+2)",
        "AC Seater (2+2)",
        "A/C Seater Push Back (2+3)",
        "AC Seater (2+2)",
        "A/C Seater (2+3)",
        "AC Seater (2+3)",
        "A/C Seater Push Back (2+3)",
        "AC Seater (2+3)",
        "AC Seater (2+3)",
        "A/C Seater Push Back (2+3)",
        "AC Seater (2+3)",
        "AC Seater (2+3)",
        "AC Seater (2+2)",
        "A/C Seater Push Back (2+3)",
        "A/C Seater Push Back (2+3)",
        "A/C Seater Push Back (2+3)",
        "AC Seater (2+2)"
      ],
      "Departing_Time": [
        "23:30",
        "23:45",
        "23:45",
        "23:50",
        "23:57",
        "21:50",
        "23:57",
        "23:55",
        "22:00",
        "23:59",
        "18:30",
        "23:50",
        "23:30",
        "23:59",
        "23:45",
        "21:50",
        "18:20",
        "23:55",
        "18:30",
        "22:10",
        "23:15",
        "23:55",
        "23:45",
        "23:30",
        "19:50",
        "23:20",
        "18:00",
        "23:50",
        "23:59",
        "23:15",
        "19:50",
        "23:45",
        "19:30",
        "23:50",
        "23:55",
        "19:30",
        "23:55",
        "23:59",
        "19:05",
        "19:05",
        "23:50",
        "23:59",
        "23:45",
        "23:00",
        "23:40"
      ],
      "Reaching_Time": [
        "03:45",
        "04:05",
        "04:00",
        "04:30",
        "04:27",
        "03:00",
        "04:20",
        "04:30",
        "05:10",
        "04:30",
        "22:00",
        "04:00",
        "04:00",
        "04:30",
        "04:30",
        "02:00",
        "22:30",
        "04:15",
        "23:00",
        "05:20",
        "03:45",
        "04:15",
        "04:00",
        "03:05",
        "01:00",
        "03:15",
        "22:15",
        "04:45",
        "04:45",
        "03:00",
        "23:40",
        "04:00",
        "23:20",
        "04:10",
        "03:30",
        "23:40",
        "04:40",
        "04:00",
        "23:00",
        "23:15",
        "04:40",
        "04:45",
        "04:30",
        "04:30",
        "04:00"
      ],
      "Duration": [
        "04h 15m",
        "04h 20m",
        "04h 15m",
        "04h 40m",
        "04h 30m",
        "05h 10m",
        "04h 23m",
        "04h 35m",
        "07h 10m",
        "04h 31m",
        "03h 30m",
        "04h 10m",
        "04h 30m",
        "04h 31m",
        "04h 45m",
        "04h 10m",
        "04h 10m",
        "04h 20m",
        "04h 30m",
        "07h 10m",
        "04h 30m",
        "04h 20m",
        "04h 15m",
        "03h 35m",
        "05h 10m",
        "03h 55m",
        "04h 15m",
        "04h 55m",
        "04h 46m",
        "03h 45m",
        "03h 50m",
        "04h 15m",
        "03h 50m",
        "04h 20m",
        "03h 35m",
        "04h 10m",
        "04h 45m",
        "04h 01m",
        "03h 55m",
        "04h 10m",
        "04h 50m",
        "04h 46m",
        "04h 45m",
        "05h 30m",
        "04h 20m"
      ],
      "Star_Rating": [
        4.4,
        4.6,
        4.4,
        4.2,
        4.7,
        2.9,
        3.7,
        2.5,
        3.0,
        3.1,
        2.8,
        2.9,
        2.9,
        1.2,
        2.9,
        2.1,
        4.8,
        3.7,
        3.6,
        3.3,
        3.3,
        3.3,
        3.2,
        3.1,
        2.9,
        2.8,
        2.8,
        2.2,
        2.2,
        4.8,
        2.1,
        3.7,
        3.6,
        3.2,
        3.1,
        2.8,
        2.8,
        2.8,
        2.8,
        2.8,
        2.8,
        2.8,
        2.8,
        1.0
      ],
      "Seat_availability": [
        2,
        7,
        10,
        22,
        3,
        43,
        9,
        10,
        3,
        6,
        20,
        20,
        10,
        27,
        15,
        29,
        1,
        1,
        1,
        12,
        20,
        17,
        21,
        18,
        41,
        26,
        15,
        13,
        21,
        25,
        20,
        25,
        20,
        36,
        60,
        13
      ],
      "Price": [
        "749",
        "750",
        "615",
        "600",
        "500",
        "415",
        "520",
        "415",
        "570",
        "615",
        "515",
        "515",
        "670",
        "419",
        "350",
        "419",
        "670",
        "370",
        "469",
        "470",
        "399",
        "550",
        "470",
        "470",
        "500",
        "670"
      ],
      "Reach_date": [
        "15-Aug",
        "15-Aug",
        "15-Aug",
        "15-Aug",
        "15-Aug",
        "15-Aug",
        "15-Aug",
        "15-Aug",
        "15-Aug",
        "15-Aug",
        "15-Aug",
        "15-Aug",
        "15-Aug",
        "15-Aug",
        "15-Aug",
        "15-Aug",
        "15-Aug",
        "15-Aug",
        "15-Aug",
        "15-Aug",
        "15-Aug",
        "15-Aug",
        "15-Aug",
        "15-Aug",
        "15-Aug",
        "15-Aug",
        "15-Aug",
        "15-Aug",
        "15-Aug",
        "15-Aug",
        "15-Aug",
        "15-Aug",
        "15-Aug",
        "15-Aug",
        "15-Aug",
        "15-Aug"
      ]
    },
    "Government": {}
  },
  "Kolkata to Bakkhali": {
    "Private": {
      "Bus_Name": [],
      "Bus_Type": [],
      "Departing_Time": [],
      "Reaching_Time": [],
      "Duration": [],
      "Star_Rating": [],
      "Seat_availability": [],
      "Price": [],
      "Reach_date": []
    },
    "Government": {}
  }
}